view,camera,landmark,frame_index,original_x,original_y,edited_x,edited_y,dx_px,dy_px,displacement_px,original_likelihood,edited_likelihood,likelihood_change
1,1,right_knee,0,429.46198,649.2036,429.34378,649.163,-0.11820000000000164,-0.04060000000004038,0.1249783981334521,0.98806787,0.9760578,-0.012010069999999984
1,1,right_knee,1,429.77307,649.39813,429.63644,649.35266,-0.13663000000002512,-0.04547000000002299,0.14399749233930761,0.99387723,0.9852418,-0.00863543
1,1,right_knee,2,428.85944,649.4421,428.70987,649.35736,-0.14956999999998288,-0.0847400000000107,0.17190710427436293,1.0,0.98946536,-0.01053464000000004
1,1,right_knee,3,427.8596,649.56573,427.70853,649.564,-0.15107000000000426,-0.0017300000000659566,0.15107990534813526,1.0,0.98404497,-0.01595502999999998
1,1,right_knee,4,427.2298,649.60236,427.03574,649.5567,-0.19406000000003587,-0.045659999999998035,0.19935927166804593,0.98117816,0.95876807,-0.02241009000000005
1,1,right_knee,5,426.4672,649.71814,426.26654,649.6876,-0.20065999999997075,-0.03053999999997359,0.20297075454357125,0.9723978,0.9414361,-0.03096169999999998
1,1,right_knee,6,424.6048,650.08264,424.61588,649.9917,0.011079999999992651,-0.0909399999999323,0.09161249914715526,0.95600474,0.91887146,-0.037133280000000046
1,1,right_knee,7,422.2634,650.801,422.106,650.733,-0.15739999999999554,-0.06800000000009732,0.17146066604329938,0.96482366,0.9415054,-0.023318259999999924
1,1,right_knee,8,420.10962,651.8052,420.11337,651.74677,0.0037499999999681677,-0.05843000000004395,0.058550212638425976,1.0,0.99488235,-0.005117649999999974
1,1,right_knee,9,418.3478,652.0073,418.20355,652.0227,-0.14424999999999955,0.015399999999999636,0.14506971599889434,1.0,1.0,0.0
1,1,right_knee,10,417.01086,651.98694,416.2051,652.35425,-0.8057599999999638,0.36730999999997493,0.8855313736395359,0.97850484,0.95352316,-0.024981680000000006
1,1,right_knee,11,414.36267,652.0341,414.05627,651.9612,-0.30639999999999645,-0.07290000000000418,0.3149529647423539,1.0,1.0,0.0
1,1,right_knee,12,411.96906,651.9592,411.61185,651.86847,-0.35721000000000913,-0.09073000000000775,0.368552461665918,1.0,1.0,0.0
1,1,right_knee,13,410.29767,652.5398,410.00348,652.45764,-0.29418999999995776,-0.08216000000004442,0.3054472486371132,1.0,0.9915433,-0.008456699999999984
1,1,right_knee,14,408.78143,653.1015,408.47003,653.00323,-0.3113999999999919,-0.09826999999995678,0.3265378276708327,0.96820146,0.9287912,-0.03941025999999992
1,1,right_knee,15,406.71777,653.29956,406.46652,653.1815,-0.25124999999997044,-0.11806000000001404,0.27760534234770856,0.9553474,0.94901776,-0.006329639999999914
1,1,right_knee,16,405.5354,653.1416,405.07346,652.8968,-0.46193999999997004,-0.24480000000005475,0.5227959483393106,0.9636583,0.9570713,-0.0065870000000000095
1,1,right_knee,17,404.9224,652.69507,404.31046,652.41235,-0.6119400000000041,-0.2827200000000403,0.6740928437537576,0.95509773,0.9585259,0.0034281700000000637
1,1,right_knee,18,404.36624,651.9281,403.96735,651.5204,-0.3988899999999944,-0.4076999999999771,0.5703792791642915,0.97132766,0.96533835,-0.0059893100000000254
1,1,right_knee,19,404.3595,651.2168,403.78912,650.95416,-0.5703800000000001,-0.26264000000003307,0.6279435595656806,0.9712608,0.9668938,-0.00436700000000001
1,1,right_knee,20,404.49393,650.3843,403.90057,650.09076,-0.5933599999999615,-0.29354000000000724,0.661998354378588,0.98134744,0.9684224,-0.012925039999999943
1,1,right_knee,21,405.56775,649.1311,404.81384,648.8308,-0.7539099999999621,-0.3002999999999929,0.8115173307452765,0.94648623,0.9457299,-0.0007563299999999717
1,1,right_knee,22,407.13666,647.9781,406.53088,647.3996,-0.6057799999999816,-0.5785000000000764,0.8376345613691367,0.8941387,0.89910215,0.004963450000000091
1,1,right_knee,23,409.61816,647.5019,409.26535,647.43243,-0.35280999999997675,-0.0694700000000239,0.3595844504424335,0.96934485,0.92488396,-0.044460890000000086
1,1,right_knee,24,411.9835,646.3135,411.57013,646.1314,-0.41336999999998625,-0.18209999999999127,0.451702520360453,1.0,0.9737725,-0.02622749999999996
1,1,right_knee,25,414.35446,645.6656,413.9284,645.50854,-0.42606000000000677,-0.1570600000000013,0.45408695995371434,0.9830086,0.9731014,-0.009907200000000005
1,1,right_knee,26,416.08194,645.1337,415.72086,645.0465,-0.36107999999995855,-0.08719999999993888,0.37146010068372,0.93689543,0.93613505,-0.0007603800000000049
1,1,right_knee,27,417.13696,645.3003,416.4284,645.0303,-0.7085599999999772,-0.2699999999999818,0.758259370927889,0.9208941,0.9121741,-0.008720000000000061
1,1,right_knee,28,417.23184,645.452,416.534,645.053,-0.6978399999999851,-0.3990000000000009,0.8038542564420369,0.920219,0.89712423,-0.023094770000000042
1,1,right_knee,29,417.14014,645.73987,416.42853,645.3961,-0.7116099999999506,-0.3437699999999495,0.790295264442281,0.91151994,0.8813276,-0.03019234000000004
1,1,right_knee,30,417.74896,645.7122,417.38785,645.7364,-0.3611099999999965,0.024199999999950705,0.36191998024424554,0.9304997,0.89577436,-0.03472534000000005
1,1,right_knee,31,418.84372,645.70605,418.54803,645.7971,-0.295690000000036,0.09104999999999563,0.3093908185451218,0.96131706,0.9415003,-0.01981675999999999
1,1,right_knee,32,420.19052,645.50635,419.9836,645.43665,-0.20691999999996824,-0.06970000000001164,0.21834371161081897,0.9733741,0.9604621,-0.012912000000000035
1,1,right_knee,33,422.70795,645.9443,422.3243,645.80304,-0.3836499999999887,-0.1412599999999884,0.40882968348688686,0.92745674,0.9112756,-0.01618114000000004
1,1,right_knee,34,424.2172,646.0592,423.83316,646.0615,-0.3840399999999704,0.002299999999991087,0.38404688724161956,0.9031473,0.8739158,-0.029231499999999966
1,1,right_knee,35,426.00714,646.61523,425.73856,646.5475,-0.26857999999998583,-0.06772999999998319,0.27698839199502584,0.9281277,0.89904636,-0.029081339999999956
1,1,right_knee,36,427.30295,647.05255,426.9094,647.02954,-0.39355000000000473,-0.02300999999999931,0.39422209806149083,0.9427252,0.90922976,-0.03349544000000004
1,1,right_knee,37,428.9037,647.71844,428.53168,647.49414,-0.37202000000002045,-0.22429999999997108,0.43440691799279885,0.95058763,0.9238307,-0.026756930000000012
1,1,right_knee,38,429.32413,648.6061,428.87128,648.36993,-0.4528500000000122,-0.23617000000001553,0.5107341690155637,0.9760159,0.9421269,-0.03388900000000006
1,1,right_knee,39,429.4831,648.50903,429.17242,648.38837,-0.31067999999999074,-0.12066000000004351,0.3332880105854466,0.96698195,0.9417919,-0.025190049999999964
1,1,right_knee,40,429.3831,648.5986,429.0862,648.6145,-0.2968999999999937,0.015899999999987813,0.29732544458891486,0.9765546,0.95185345,-0.02470115000000006
1,1,right_knee,41,428.77756,648.36597,428.6396,648.4184,-0.13796000000002095,0.05243000000007214,0.1475868100475559,0.9788538,0.95937926,-0.01947454000000004
1,1,right_knee,42,427.99634,648.4665,427.89752,648.56726,-0.09881999999998925,0.1007600000000366,0.14113103840050653,0.9869397,0.96513015,-0.021809549999999955
1,1,right_knee,43,427.56042,648.75464,427.31204,648.8808,-0.24837999999999738,0.12616000000002714,0.27858386529015916,0.9944291,0.9662099,-0.0282192
1,1,right_knee,44,426.9425,648.82184,426.65033,648.73914,-0.2921699999999987,-0.0826999999999316,0.30364880849426684,0.9743922,0.93781346,-0.036578740000000054
1,1,right_knee,45,425.6284,649.0502,425.5066,648.9125,-0.12180000000000746,-0.13769999999999527,0.18383832571039294,0.9603615,0.9257719,-0.0345896
1,1,right_knee,46,424.13608,649.4261,423.92432,649.36615,-0.21175999999996975,-0.05995000000007167,0.22008248476422604,0.9284768,0.88996977,-0.03850703
1,1,right_knee,47,421.35455,650.22974,421.14093,650.2271,-0.2136199999999917,-0.002640000000042164,0.2136363124564658,0.95953214,0.9418583,-0.01767383999999994
1,1,right_knee,48,419.33102,651.1116,419.46924,651.1441,0.1382199999999898,0.032500000000027285,0.14198950102031824,1.0,0.9928752,-0.007124800000000042
1,1,right_knee,49,417.76352,651.77423,417.92697,651.78595,0.1634499999999548,0.011719999999968422,0.16386964606047236,1.0,0.994025,-0.005974999999999953
1,1,right_knee,50,415.17502,651.7251,415.39868,651.82074,0.2236599999999953,0.09564000000000306,0.2432504988689612,1.0,0.98799163,-0.01200836999999999
1,1,right_knee,51,413.32953,651.57367,413.09714,651.4984,-0.23238999999995258,-0.07527000000004591,0.24427583793733032,1.0,1.0,0.0
1,1,right_knee,52,411.16525,651.64233,410.75775,651.5299,-0.4075000000000273,-0.11243000000001757,0.4227253894669993,1.0,1.0,0.0
1,1,right_knee,53,408.64117,652.28705,408.2774,652.1349,-0.36376999999998816,-0.152150000000006,0.3943072855020475,0.9765038,0.9334364,-0.04306739999999998
1,1,right_knee,54,406.95135,653.0261,406.8411,652.8006,-0.11025000000000773,-0.22550000000001091,0.25100859049045837,0.95958734,0.9453808,-0.01420653999999999
1,1,right_knee,55,405.25375,653.228,404.9959,652.8471,-0.257850000000019,-0.3808999999999969,0.459968947321455,0.97265995,0.9607248,-0.011935150000000005
1,1,right_knee,56,404.3852,652.8039,403.88388,652.57715,-0.5013200000000211,-0.2267500000000382,0.550215689434642,0.973438,0.96704406,-0.006393940000000042
1,1,right_knee,57,403.72385,652.48627,403.3279,652.284,-0.39595000000002756,-0.20226999999999862,0.4446229362055238,0.97614986,0.9639741,-0.012175760000000091
1,1,right_knee,58,403.59595,651.85675,403.12952,651.4927,-0.46643000000000256,-0.3640500000000202,0.5916834858266851,0.9822979,0.9662552,-0.016042699999999965
1,1,right_knee,59,403.52744,651.1434,403.14984,650.87616,-0.37760000000002947,-0.26724000000001524,0.4626002351923639,0.98689735,0.9722599,-0.014637450000000052
1,1,right_heel,0,426.44745,784.2763,427.05576,784.46173,0.6083100000000172,0.18542999999999665,0.6359444480455976,1.0,1.0,0.0
1,1,right_heel,1,424.0678,784.60345,424.49533,784.77783,0.42753000000004704,0.17438000000004195,0.4617253353456521,0.9583418,0.9705902,0.012248399999999937
1,1,right_heel,2,419.8461,785.65063,419.81488,786.0553,-0.031219999999962056,0.4046700000000101,0.40587251360495674,1.0,0.9932045,-0.006795499999999954
1,1,right_heel,3,416.4637,786.61304,416.27368,787.0592,-0.19002000000000407,0.44616000000007716,0.4849395281888974,0.96041286,0.9494567,-0.010956159999999993
1,1,right_heel,4,413.6229,787.42804,413.70654,787.8471,0.0836400000000026,0.4190599999999449,0.4273253247818976,0.9874474,0.9684381,-0.019009300000000007
1,1,right_heel,5,411.2363,788.1452,411.16425,788.61633,-0.07205000000004702,0.4711299999999028,0.4766074688880937,1.0,0.9845493,-0.01545070000000004
1,1,right_heel,6,408.34592,789.2575,408.67795,789.2734,0.3320300000000316,0.015899999999987813,0.33241048554463587,0.9612376,0.942589,-0.018648600000000015
1,1,right_heel,7,404.29245,789.22046,404.55362,789.7245,0.26117000000004964,0.5040400000000318,0.5676848513920888,1.0,0.99863595,-0.00136404999999995
1,1,right_heel,8,400.8742,789.97284,400.61172,790.3029,-0.2624799999999823,0.33006000000000313,0.42170529282900016,0.96509725,0.93832237,-0.026774880000000056
1,1,right_heel,9,397.3555,790.5605,396.855,790.9126,-0.5004999999999882,0.35209999999995034,0.6119433470509776,0.9627088,0.970161,0.00745220000000002
1,1,right_heel,10,395.01926,791.16187,394.09448,791.3975,-0.9247799999999984,0.23563000000001466,0.9543267497560801,1.0,0.98614407,-0.01385592999999996
1,1,right_heel,11,391.7787,791.47504,391.68256,791.3608,-0.09613999999999123,-0.11423999999999523,0.1493106734295885,0.963818,0.94328153,-0.020536469999999918
1,1,right_heel,12,388.319,792.6421,388.79675,792.7997,0.4777499999999577,0.15760000000000218,0.5030733768546695,0.94834656,0.9602288,0.011882240000000044
1,1,right_heel,13,383.7353,793.173,384.03195,793.52844,0.29664999999999964,0.35544000000004417,0.4629674028482256,0.98324853,0.9729704,-0.010278129999999996
1,1,right_heel,14,380.6612,794.1645,380.6603,794.3569,-0.0009000000000014552,0.19240000000002055,0.19240210497811064,1.0,1.0,0.0
1,1,right_heel,15,378.39273,793.98083,378.00116,793.96796,-0.3915699999999447,-0.01287000000002081,0.3917814464723377,1.0,1.0,0.0
1,1,right_heel,16,374.30896,793.32446,374.32574,793.2036,0.01677999999998292,-0.1208599999999933,0.12201929355637907,1.0,0.9878945,-0.012105499999999991
1,1,right_heel,17,371.41528,790.9842,371.5667,790.80566,0.15142000000003009,-0.17853999999999814,0.23410371205943842,0.99707836,0.95757073,-0.039507630000000016
1,1,right_heel,18,367.7708,788.9401,367.79163,788.63544,0.020829999999989468,-0.3046600000000126,0.3053712568333949,0.9712454,0.9291547,-0.042090700000000036
1,1,right_heel,19,365.22168,787.1994,365.28598,787.22925,0.06430000000000291,0.029850000000010368,0.07089084919791125,0.9803907,0.93474954,-0.04564115999999996
1,1,right_heel,20,363.65515,784.2952,363.7338,784.2456,0.0786499999999819,-0.049600000000054933,0.09298377546648987,1.0,0.9861016,-0.013898399999999977
1,1,right_heel,21,362.65524,781.14014,362.5533,781.77484,-0.10194000000001324,0.6347000000000662,0.6428342349315932,1.0,1.0,0.0
1,1,right_heel,22,362.57053,778.365,362.42245,778.3933,-0.1480799999999931,0.028299999999944703,0.15075999602014728,1.0,1.0,0.0
1,1,right_heel,23,363.4799,775.1277,363.37057,775.16675,-0.10932999999999993,0.039049999999974716,0.11609457954615283,1.0,0.9758882,-0.024111800000000017
1,1,right_heel,24,364.9048,773.05975,365.2947,773.35345,0.3898999999999546,0.29369999999994434,0.4881410656766463,0.98076844,0.9519541,-0.02881433999999994
1,1,right_heel,25,368.9616,772.7477,368.81192,772.89966,-0.14967999999998938,0.15196000000003096,0.2132977824544977,1.0,1.0,0.0
1,1,right_heel,26,374.6216,774.39264,374.5483,774.4652,-0.07330000000001746,0.0725599999999531,0.10313992243547479,1.0,0.98707706,-0.01292294000000005
1,1,right_heel,27,380.26016,776.3694,381.24133,776.2394,0.9811700000000201,-0.12999999999999545,0.989744698849172,1.0,1.0,0.0
1,1,right_heel,28,388.54868,779.48016,388.3001,779.2295,-0.24858000000000402,-0.2506599999999253,0.3530190533101075,1.0,1.0,0.0
1,1,right_heel,29,395.89233,781.0273,395.62122,781.1721,-0.2711100000000215,0.14480000000003201,0.30735593714783016,1.0,1.0,0.0
1,1,right_heel,30,401.96588,782.658,401.26065,782.4839,-0.7052300000000287,-0.17410000000006676,0.7264022046360155,1.0,1.0,0.0
1,1,right_heel,31,409.01746,783.58673,408.4645,783.64874,-0.5529600000000414,0.062009999999986576,0.5564260972492611,1.0,0.98660046,-0.013399539999999988
1,1,right_heel,32,413.53915,783.0552,412.79236,783.3454,-0.7467900000000327,0.2902000000000271,0.8011936994884973,1.0,1.0,0.0
1,1,right_heel,33,418.1451,782.2431,417.70547,782.49896,-0.4396300000000224,0.2558599999999842,0.5086638148128994,0.9723146,0.9526386,-0.019676000000000027
1,1,right_heel,34,423.0341,781.85333,422.22955,782.321,-0.8045500000000061,0.46766999999999825,0.9305997697184372,0.9787231,0.9031231,-0.0756
1,1,right_heel,35,426.58807,781.7157,426.15158,782.5755,-0.43648999999999205,0.8598000000000638,0.9642507765618356,1.0,1.0,0.0
1,1,right_heel,36,428.45428,781.43286,427.9649,782.4479,-0.48937999999998283,1.015039999999999,1.1268535778884412,1.0,1.0,0.0
1,1,right_heel,37,429.327,781.7454,428.72665,782.5368,-0.6003499999999917,0.7913999999999533,0.9933448960456364,1.0,1.0,0.0
1,1,right_heel,38,429.5126,781.61993,429.40045,782.4261,-0.11215000000004238,0.8061700000000656,0.8139334686570612,1.0,1.0,0.0
1,1,right_heel,39,427.84793,782.2228,427.89313,782.9898,0.04519999999996571,0.7669999999999391,0.7683306840156153,1.0,1.0,0.0
1,1,right_heel,40,425.33234,783.18726,425.42407,783.8619,0.0917299999999841,0.6746399999999539,0.6808476499922247,1.0,0.99547243,-0.004527570000000036
1,1,right_heel,41,421.97537,783.9781,421.76898,784.35547,-0.20638999999999896,0.37736999999992804,0.43012201640923386,0.98396796,0.96930796,-0.014660000000000006
1,1,right_heel,42,418.46042,784.72186,418.4658,784.6878,0.005380000000002383,-0.034059999999954016,0.03448228530705141,0.99456084,0.9906295,-0.00393133999999995
1,1,right_heel,43,414.9949,785.28864,415.06683,785.14105,0.07193000000000893,-0.14759000000003653,0.16418505717638274,0.96696544,0.9497929,-0.017172539999999903
1,1,right_heel,44,412.60126,785.4715,412.67758,785.8015,0.07631999999995287,0.3300000000000409,0.33871041082319836,1.0,0.9937267,-0.006273300000000037
1,1,right_heel,45,410.36276,786.4971,410.3308,786.9149,-0.03195999999996957,0.4177999999999429,0.4190206219268335,1.0,1.0,0.0
1,1,right_heel,46,406.62006,787.16656,406.671,787.9721,0.05093999999996868,0.8055399999999509,0.8071490415034374,0.9913662,0.97948605,-0.011880149999999978
1,1,right_heel,47,403.2023,788.17224,403.29578,788.66254,0.09347999999999956,0.4903000000000475,0.4991318467099114,1.0,1.0,0.0
1,1,right_heel,48,399.27484,789.0207,399.03433,789.36316,-0.24050999999997202,0.34245999999996,0.41847808986846513,0.9391218,0.9360064,-0.0031153999999999904
1,1,right_heel,49,396.25378,789.06995,396.05753,789.39966,-0.19625000000002046,0.329710000000091,0.3836961644323123,0.986232,0.98150563,-0.00472636999999998
1,1,right_heel,50,394.16245,790.1523,393.2658,790.47003,-0.8966499999999655,0.3177299999999832,0.9512799668866824,0.97116786,0.9439941,-0.027173760000000047
1,1,right_heel,51,389.91537,790.4443,389.71353,790.4123,-0.20184000000000424,-0.03200000000003911,0.20436091994313446,0.9824014,0.96552855,-0.01687284999999994
1,1,right_heel,52,386.95624,791.0821,386.42218,790.9966,-0.534059999999954,-0.08550000000002456,0.5408607340156568,0.9794555,0.93611443,-0.04334106999999998
1,1,right_heel,53,382.65662,792.4292,382.5407,792.31903,-0.11591999999996005,-0.11017000000003918,0.15992146603880097,1.0,0.98898935,-0.01101065000000001
1,1,right_heel,54,380.15512,793.2911,379.82782,793.33575,-0.32730000000003656,0.04464999999993324,0.33033151908350794,1.0,1.0,0.0
1,1,right_heel,55,376.8867,793.1711,376.55438,792.98895,-0.33232000000003836,-0.18214999999997872,0.37896596799715104,1.0,0.97816557,-0.02183442999999996
1,1,right_heel,56,372.9164,792.7516,372.69278,792.62335,-0.2236199999999826,-0.12825000000009368,0.2577866693605708,1.0,0.98354024,-0.016459760000000045
1,1,right_heel,57,369.8317,790.4887,369.60754,790.6664,-0.22416000000004033,0.1776999999999589,0.2860506871168176,0.9853861,0.8998999,-0.08548620000000007
1,1,right_heel,58,366.65854,789.4364,366.6541,789.55396,-0.004439999999988231,0.11755999999991218,0.11764381496695543,0.9399417,0.91962415,-0.020317550000000018
1,1,right_heel,59,364.36212,787.1501,364.5164,787.07495,0.15427999999997155,-0.07515000000000782,0.17160955946564396,0.98952156,0.96981454,-0.01970702000000002
1,1,right_foot_index,0,469.97824,777.6559,469.10504,775.71204,-0.8732000000000539,-1.9438599999999724,2.1309786342429593,0.9760859,0.9621741,-0.013911799999999919
1,1,right_foot_index,1,468.03198,780.05927,466.8002,778.45386,-1.231779999999958,-1.6054100000000062,2.0235175404478007,1.0,1.0,0.0
1,1,right_foot_index,2,464.8172,780.505,465.32254,778.85095,0.5053399999999897,-1.6540499999999838,1.7295230319657313,1.0,1.0,0.0
1,1,right_foot_index,3,460.6948,781.19434,461.31207,780.1433,0.6172700000000191,-1.0510400000000573,1.218895949004731,1.0,0.9717671,-0.028232900000000005
1,1,right_foot_index,4,458.2295,781.84674,458.5577,781.28986,0.328200000000038,-0.5568799999999783,0.646398154700337,0.99098694,0.94755214,-0.043434799999999996
1,1,right_foot_index,5,455.87225,783.49286,457.46872,782.2344,1.5964700000000107,-1.2584599999999,2.0328398934740983,0.9604684,0.92932266,-0.031145740000000033
1,1,right_foot_index,6,452.97836,784.95776,453.60165,783.49677,0.6232899999999972,-1.460990000000038,1.5883898149384197,1.0,0.9868229,-0.013177100000000053
1,1,right_foot_index,7,449.52286,786.524,451.14847,784.3774,1.6256099999999947,-2.146600000000035,2.69267514418285,1.0,0.989657,-0.010342999999999991
1,1,right_foot_index,8,446.94507,787.08777,447.70636,784.9707,0.7612900000000309,-2.1170700000000124,2.249788400939097,0.9787096,0.9363183,-0.04239129999999991
1,1,right_foot_index,9,444.3584,788.16174,444.85318,786.30023,0.49477999999999156,-1.861509999999953,1.9261429667861667,1.0,0.9580633,-0.04193670000000005
1,1,right_foot_index,10,441.48526,789.1805,442.01996,787.10504,0.5347000000000435,-2.075460000000021,2.1432308092224073,1.0,0.948506,-0.05149400000000004
1,1,right_foot_index,11,438.19083,790.47986,439.69424,788.3812,1.503409999999974,-2.0986599999999953,2.581591645419527,1.0,0.9462542,-0.053745799999999955
1,1,right_foot_index,12,435.3467,791.716,435.3565,790.38934,0.009799999999984266,-1.3266600000000608,1.3266961956680816,0.9932577,0.97493327,-0.018324430000000058
1,1,right_foot_index,13,430.9606,792.26294,432.09778,791.904,1.1371800000000007,-0.3589399999999614,1.1924832392952003,1.0,0.9387412,-0.06125879999999995
1,1,right_foot_index,14,428.61658,794.014,431.9754,792.2145,3.35881999999998,-1.7994999999999663,3.810494986533868,1.0,0.8743693,-0.12563069999999998
1,1,right_foot_index,15,425.733,796.1084,426.36914,795.33844,0.6361400000000117,-0.7699599999999691,0.9987554761802147,0.96707076,0.9373082,-0.029762559999999993
1,1,right_foot_index,16,422.66238,797.0332,423.23026,796.4891,0.5678800000000024,-0.5440999999999576,0.7864683746979001,1.0,0.9775036,-0.022496399999999972
1,1,right_foot_index,17,420.1767,797.6467,420.42383,797.40485,0.24713000000002694,-0.24184999999999945,0.3457812305490468,1.0,1.0,0.0
1,1,right_foot_index,18,417.51312,797.98004,417.36795,797.9674,-0.14517000000000735,-0.01264000000003307,0.1457192454688226,0.95585334,0.9494132,-0.006440140000000039
1,1,right_foot_index,19,412.8576,797.9505,414.51306,798.90735,1.655460000000005,0.9568499999999176,1.9120956393705464,0.97953796,0.9114444,-0.06809356
1,1,right_foot_index,20,410.97867,798.5775,413.02063,800.50146,2.0419599999999605,1.9239599999999655,2.8055699462319073,0.9844347,0.9548542,-0.02958050000000001
1,1,right_foot_index,21,409.61856,798.6158,411.042,800.83606,1.423439999999971,2.2202599999999393,2.6373729165970534,0.98920876,0.93538314,-0.05382562000000002
1,1,right_foot_index,22,407.57956,797.51605,408.62134,800.23193,1.0417799999999602,2.715880000000084,2.908833055161532,0.9874268,0.88519365,-0.10223315
1,1,right_foot_index,23,408.12103,796.2812,408.64673,797.4092,0.5256999999999721,1.1280000000000427,1.244485632701345,1.0,0.90835446,-0.09164554000000003
1,1,right_foot_index,24,410.44672,794.6068,410.958,794.8656,0.5112799999999993,0.25879999999995107,0.5730485829316516,1.0,0.9606511,-0.03934890000000002
1,1,right_foot_index,25,414.49872,793.1222,416.4194,793.63794,1.9206800000000044,0.515739999999937,1.9887180317983624,1.0,0.9506356,-0.049364399999999975
1,1,right_foot_index,26,419.42996,791.90094,421.04776,792.8668,1.6177999999999884,0.9658600000000206,1.8841874587206024,0.97435385,0.9298376,-0.044516249999999924
1,1,right_foot_index,27,427.038,790.6942,428.386,790.5724,1.3480000000000132,-0.12180000000000746,1.353491499788616,1.0,0.9660299,-0.0339701
1,1,right_foot_index,28,433.34216,788.9038,434.22665,788.945,0.884490000000028,0.041200000000003456,0.885449038680403,1.0,0.9696265,-0.030373500000000053
1,1,right_foot_index,29,441.34576,787.09375,442.0738,785.191,0.7280400000000213,-1.902749999999969,2.037277547144697,0.9774824,0.88150465,-0.09597774999999997
1,1,right_foot_index,30,447.74454,784.77057,448.54758,782.56244,0.80304000000001,-2.208129999999983,2.3496194029033597,0.9188664,0.9354636,0.01659719999999998
1,1,right_foot_index,31,454.74988,781.18713,453.7009,780.35724,-1.0489800000000287,-0.8298899999999776,1.3375636255894607,1.0,1.0,0.0
1,1,right_foot_index,32,459.1499,779.17706,459.1456,778.2594,-0.004300000000000637,-0.9176599999999553,0.9176700744820646,1.0,0.96360177,-0.036398229999999976
1,1,right_foot_index,33,463.58496,777.39056,464.4297,776.26434,0.8447400000000016,-1.126220000000103,1.407820001278656,1.0,0.9641338,-0.03586619999999996
1,1,right_foot_index,34,468.05865,775.7581,466.95264,774.6734,-1.1060100000000261,-1.084699999999998,1.5491391835790784,1.0,1.0,0.0
1,1,right_foot_index,35,470.49173,774.3711,470.75513,772.4287,0.2633999999999901,-1.9423999999999069,1.9601778796832785,1.0,0.9930272,-0.006972800000000001
1,1,right_foot_index,36,472.61688,773.2189,472.66846,771.046,0.05158000000000129,-2.1728999999999132,2.173512113239681,1.0,0.9674207,-0.03257929999999998
1,1,right_foot_index,37,473.92926,773.3874,473.40692,770.86804,-0.5223399999999856,-2.519360000000006,2.5729387643704262,1.0,0.98929816,-0.010701839999999962
1,1,right_foot_index,38,473.98868,774.20087,473.317,772.27466,-0.6716799999999807,-1.9262099999999691,2.0399605355251005,0.9975963,0.9861538,-0.011442500000000022
1,1,right_foot_index,39,470.71573,775.6232,469.87256,774.5642,-0.8431699999999864,-1.058999999999969,1.3536678502867354,1.0,0.98380893,-0.016191069999999974
1,1,right_foot_index,40,468.84912,778.2548,467.25018,777.10645,-1.5989400000000273,-1.1483500000000504,1.9685824458478245,1.0,0.9780632,-0.02193679999999998
1,1,right_foot_index,41,465.93835,779.7628,465.34735,777.9583,-0.5910000000000082,-1.8044999999999618,1.8988157493553375,1.0,1.0,0.0
1,1,right_foot_index,42,461.93866,780.0243,461.5521,778.87476,-0.3865600000000313,-1.1495400000000018,1.2127946426332976,1.0,0.9636725,-0.03632749999999996
1,1,right_foot_index,43,458.8272,780.34827,458.88895,779.9126,0.061750000000017735,-0.43566999999995915,0.4400243304636308,1.0,0.93602794,-0.06397206
1,1,right_foot_index,44,456.4066,781.33685,456.6035,780.62506,0.196899999999971,-0.7117900000000645,0.7385219117264432,0.99461865,0.94407344,-0.05054521000000001
1,1,right_foot_index,45,454.6138,783.1471,454.14972,782.0354,-0.46408000000002403,-1.1117000000000417,1.204677191782145,0.9931702,1.0,0.006829799999999997
1,1,right_foot_index,46,451.52502,784.6479,451.94318,783.16376,0.4181600000000003,-1.4841400000000249,1.5419239038292631,1.0,1.0,0.0
1,1,right_foot_index,47,447.8806,786.4193,448.75607,784.32416,0.8754700000000071,-2.095140000000015,2.2706957833448485,0.9840852,0.95617336,-0.02791184000000002
1,1,right_foot_index,48,445.21454,786.904,445.50516,785.5489,0.2906199999999899,-1.355099999999993,1.385913415188689,1.0,0.9394693,-0.06053070000000005
1,1,right_foot_index,49,442.7308,788.04694,443.0636,786.6616,0.3328000000000202,-1.3853399999999283,1.424753577149331,1.0,0.98710126,-0.01289874000000002
1,1,right_foot_index,50,439.4134,788.3049,440.5,787.3932,1.0865999999999758,-0.9116999999999962,1.418413356536077,1.0,0.97239,-0.027610000000000023
1,1,right_foot_index,51,436.8828,790.0607,437.73364,788.8527,0.8508400000000051,-1.20799999999997,1.4775630969944857,1.0,1.0,0.0
1,1,right_foot_index,52,433.6072,791.1674,434.0885,790.1532,0.4813000000000329,-1.0142000000000735,1.1226091617300211,1.0,1.0,0.0
1,1,right_foot_index,53,429.99377,792.14844,430.78717,791.2749,0.7934000000000196,-0.8735400000000482,1.1800659691729591,1.0,0.96017027,-0.03982973000000001
1,1,right_foot_index,54,428.0487,793.7485,428.52863,793.11743,0.4799300000000244,-0.6310700000000224,0.7928317285528196,1.0,0.957055,-0.04294500000000001
1,1,right_foot_index,55,423.79535,795.59174,425.25333,795.19684,1.4579800000000205,-0.3949000000000069,1.5105137173822902,0.9830789,0.8836652,-0.09941369999999994
1,1,right_foot_index,56,421.3053,797.0101,421.17053,796.3381,-0.13477000000000317,-0.6719999999999118,0.6853808816270572,1.0,1.0,0.0
1,1,right_foot_index,57,418.45053,797.3343,418.86432,797.35333,0.4137900000000059,0.0190300000000434,0.41422735906746494,1.0,1.0,0.0
1,1,right_foot_index,58,413.94476,796.86804,415.22,797.47076,1.2752400000000534,0.6027200000000903,1.410499364055243,0.9866397,0.95681024,-0.029829459999999974
1,1,right_foot_index,59,411.53952,797.61145,413.21194,798.7613,1.672420000000045,1.149850000000015,2.029567362493836,0.9985325,0.93118906,-0.06734344000000003
1,1,right_ankle,0,445.70886,767.77325,444.18097,767.1915,-1.5278900000000135,-0.5817499999999427,1.6348947717207902,0.95509267,0.86352736,-0.09156531000000001
1,1,right_ankle,1,444.1256,769.7555,441.19592,768.0877,-2.929680000000019,-1.6677999999999429,3.3711395317310613,1.0,0.86143804,-0.13856195999999998
1,1,right_ankle,2,442.18707,770.9227,439.17712,768.87036,-3.0099500000000035,-2.0523399999999583,3.6430616901309603,1.0,0.83942264,-0.16057736
1,1,right_ankle,3,438.40805,771.23834,436.2465,770.0121,-2.161549999999977,-1.2262399999999616,2.485148474457775,1.0,0.89539224,-0.10460776000000005
1,1,right_ankle,4,435.1824,772.69464,433.55316,771.1869,-1.6292399999999816,-1.5077400000000125,2.2198429866096334,1.0,0.89597386,-0.10402613999999999
1,1,right_ankle,5,431.88477,773.36237,430.30765,771.9648,-1.5771199999999794,-1.397570000000087,2.1072516222084583,0.94497275,0.92217505,-0.022797700000000032
1,1,right_ankle,6,429.48367,774.1372,427.77414,772.6005,-1.7095300000000293,-1.5366999999999962,2.298682168308635,0.97118276,0.95610803,-0.015074730000000036
1,1,right_ankle,7,427.65512,774.7904,425.26944,773.1867,-2.385680000000036,-1.6037000000000035,2.874599581228694,0.98834294,0.93348813,-0.05485481000000003
1,1,right_ankle,8,423.87567,775.14813,421.63867,774.01953,-2.237000000000023,-1.1286000000000058,2.505575175483689,0.9513597,0.9462557,-0.005103999999999997
1,1,right_ankle,9,420.3237,776.2095,418.2931,776.52136,-2.0305999999999926,0.31185999999991054,2.0544081920591912,1.0,0.9890341,-0.010965899999999973
1,1,right_ankle,10,417.3006,777.15015,414.7115,775.2734,-2.5890999999999735,-1.8767500000000155,3.197753801107884,0.9718246,0.9124504,-0.059374200000000044
1,1,right_ankle,11,413.38037,777.77203,412.94083,775.77264,-0.43954000000002225,-1.9993899999999485,2.0471335529710353,1.0,0.90917087,-0.09082913000000004
1,1,right_ankle,12,411.02386,778.7402,408.9536,777.1728,-2.070260000000019,-1.5673999999999069,2.5966746480065206,1.0,0.8796577,-0.12034230000000001
1,1,right_ankle,13,407.68304,780.2034,405.20096,778.7518,-2.4820799999999963,-1.451599999999985,2.875389310406495,0.9954638,0.8107819,-0.18468189999999995
1,1,right_ankle,14,403.25348,780.7829,401.38187,778.7088,-1.8716100000000324,-2.074100000000044,2.7937098636222597,0.9903257,0.8487674,-0.14155830000000003
1,1,right_ankle,15,399.33878,781.6937,397.60422,781.91284,-1.7345599999999877,0.21913999999992484,1.74834800117137,0.9225974,0.7172917,-0.20530570000000004
1,1,right_ankle,16,396.4366,781.7717,395.96658,780.3207,-0.4700199999999768,-1.4510000000000218,1.5252277863978354,0.9474576,0.6792376,-0.26822
1,1,right_ankle,17,394.5266,780.6669,395.04144,777.5356,0.5148400000000493,-3.13130000000001,3.1733420735243962,0.9573032,0.6488728,-0.3084304
1,1,right_ankle,18,392.26163,779.82495,391.14453,778.2504,-1.1171000000000504,-1.574549999999931,1.9305750730028335,0.8841779,0.5580359,-0.32614199999999993
1,1,right_ankle,19,390.953,778.52844,389.7192,775.99744,-1.2337999999999738,-2.5310000000000628,2.815710112920052,0.95098466,0.6314122,-0.31957246000000006
1,1,right_ankle,20,390.0929,776.5358,389.11725,774.0305,-0.9756499999999733,-2.505300000000034,2.688572300032141,0.95738,0.82204074,-0.13533925999999996
1,1,right_ankle,21,389.44098,774.6062,389.38824,770.3379,-0.05274000000002843,-4.268299999999954,4.268625820753045,0.95253843,0.8111151,-0.14142333000000007
1,1,right_ankle,22,388.45844,773.01196,391.26276,772.2501,2.8043200000000184,-0.7618600000000697,2.905966503936377,0.985634,0.9219038,-0.06373019999999996
1,1,right_ankle,23,389.4256,770.10364,390.1425,767.8292,0.7169000000000096,-2.274440000000027,2.3847479790535804,0.98395675,0.8703197,-0.11363705000000002
1,1,right_ankle,24,391.34573,767.60254,392.51575,766.8369,1.1700200000000223,-0.7656399999999621,1.398267288468122,0.98129016,0.869952,-0.11133816000000007
1,1,right_ankle,25,394.87265,766.8744,395.20718,765.8192,0.33452999999997246,-1.0552000000000135,1.1069586084854348,1.0,0.8506294,-0.14937060000000002
1,1,right_ankle,26,398.2968,767.5031,398.69153,767.31683,0.3947299999999814,-0.1862700000000359,0.43647254873588404,0.9714858,0.8652615,-0.10622429999999994
1,1,right_ankle,27,405.62906,769.1148,405.47556,768.47015,-0.15350000000000819,-0.644649999999956,0.6626732773395542,0.9639743,0.8292955,-0.1346788
1,1,right_ankle,28,412.1137,769.3427,409.52438,767.39655,-2.5893199999999865,-1.9461499999999887,3.2391477096452217,1.0,0.89102453,-0.10897546999999996
1,1,right_ankle,29,418.5162,770.3228,416.4603,768.1103,-2.0559000000000083,-2.2124999999999773,3.020245198655224,1.0,0.88017887,-0.11982113000000005
1,1,right_ankle,30,426.06207,770.3653,422.731,767.89594,-3.331070000000011,-2.4693600000000515,4.146536645744292,1.0,0.85388124,-0.14611876000000001
1,1,right_ankle,31,429.82758,768.6859,428.15717,767.2461,-1.670410000000004,-1.439799999999991,2.2052876474736776,0.9979802,0.88869005,-0.10929014999999997
1,1,right_ankle,32,435.0234,767.8357,432.97333,766.6876,-2.050070000000005,-1.1480999999999995,2.3496639365875325,0.9861831,0.8371018,-0.14908129999999997
1,1,right_ankle,33,439.6058,766.76764,437.72064,766.2639,-1.8851599999999848,-0.5037399999999934,1.9513026964568916,0.94868195,0.8677929,-0.08088905000000002
1,1,right_ankle,34,443.6005,765.95276,440.59903,765.6707,-3.0014699999999834,-0.2820600000000013,3.0146940150701695,1.0,0.89391416,-0.10608583999999999
1,1,right_ankle,35,445.6458,765.5445,443.94238,765.0854,-1.7034199999999942,-0.45909999999992124,1.7642030796934653,1.0,0.9203815,-0.07961850000000004
1,1,right_ankle,36,447.53806,764.9502,445.2881,765.13074,-2.2499599999999873,0.18053999999995085,2.257191771471783,1.0,0.97699845,-0.023001550000000037
1,1,right_ankle,37,449.40234,765.32074,446.31808,765.11145,-3.084259999999972,-0.20929000000000997,3.0913527866776755,0.99858385,0.9624921,-0.03609175000000009
1,1,right_ankle,38,450.18393,765.7225,447.64407,765.5162,-2.539859999999976,-0.20629999999994197,2.54822457989869,0.9854333,0.89452755,-0.09090575000000001
1,1,right_ankle,39,447.11594,766.5214,444.55615,766.425,-2.559790000000021,-0.09640000000001692,2.5616045370236424,0.9432275,0.89745533,-0.04577217
1,1,right_ankle,40,445.21695,767.7408,442.77295,767.2618,-2.444000000000017,-0.47900000000004184,2.490497339890192,0.9670026,0.86209726,-0.10490534000000007
1,1,right_ankle,41,443.1234,769.05005,439.89005,767.73785,-3.23335000000003,-1.3122000000000753,3.4894728917847164,0.9991104,0.8593394,-0.13977099999999998
1,1,right_ankle,42,439.63382,769.85004,437.44595,768.6783,-2.187870000000032,-1.1717399999999998,2.4818843173081495,0.98090094,0.8689372,-0.11196374000000009
1,1,right_ankle,43,436.70798,770.27423,435.5061,769.3735,-1.201880000000017,-0.9007299999999532,1.5019420985177678,1.0,0.9148362,-0.08516380000000001
1,1,right_ankle,44,434.02423,771.4134,433.02963,769.9428,-0.9945999999999913,-1.4705999999999904,1.7753572936172466,0.9881578,0.8966046,-0.0915532
1,1,right_ankle,45,430.46616,771.82074,428.94214,770.3221,-1.5240200000000073,-1.498640000000023,2.1374187259402615,1.0,0.9624359,-0.03756409999999999
1,1,right_ankle,46,428.81418,773.3232,426.75827,771.80145,-2.05591000000004,-1.5217499999999973,2.557828960388117,1.0,0.94945425,-0.050545749999999945
1,1,right_ankle,47,426.17166,773.99475,423.36078,772.32745,-2.8108799999999974,-1.6672999999999547,3.2681700788667403,1.0,0.90921706,-0.09078293999999998
1,1,right_ankle,48,422.25873,774.6446,420.6032,773.1819,-1.6555299999999988,-1.462699999999927,2.209133511334202,0.95351523,0.9455308,-0.007984430000000042
1,1,right_ankle,49,419.31723,775.59534,415.31598,774.27313,-4.00124999999997,-1.3222099999999273,4.214052781658005,0.97694147,0.9144563,-0.06248516999999998
1,1,right_ankle,50,414.76605,776.10156,413.36624,774.5199,-1.3998100000000022,-1.5816599999999426,2.1121355050516586,0.91951585,0.94259924,0.023083389999999926
1,1,right_ankle,51,411.98285,776.95483,410.7432,774.834,-1.2396499999999833,-2.120830000000069,2.4565528716883445,1.0,0.90786695,-0.09213305000000005
1,1,right_ankle,52,410.12274,778.158,407.3394,776.30237,-2.7833400000000097,-1.8556300000000192,3.345197191870776,1.0,0.82577705,-0.17422295
1,1,right_ankle,53,406.88074,779.63574,404.4456,777.1004,-2.43513999999999,-2.5353400000000192,3.515374195615603,0.96211463,0.74473745,-0.21737717999999995
1,1,right_ankle,54,401.96054,780.1624,401.03232,777.42206,-0.9282199999999534,-2.74034000000006,2.8932776714308366,0.95251256,0.75686085,-0.19565170999999992
1,1,right_ankle,55,397.9907,781.4411,398.57468,780.5937,0.5839799999999968,-0.8473999999999933,1.0291352682713701,0.9618071,0.6107433,-0.35106380000000004
1,1,right_ankle,56,395.0471,781.48376,394.91733,778.077,-0.1297700000000077,-3.406759999999963,3.409230697752757,0.9209501,0.6541917,-0.26675839999999995
1,1,right_ankle,57,392.45175,780.2416,393.28867,776.8843,0.8369200000000205,-3.3572999999998956,3.460043117708121,0.89346594,0.5738,-0.31966594000000004
1,1,right_ankle,58,391.30182,779.9991,389.4156,777.1872,-1.886220000000037,-2.811900000000037,3.3859426307012863,0.92969906,0.7173503,-0.21234876000000003
1,1,right_ankle,59,389.70975,777.77094,390.01117,774.61755,0.30142000000000735,-3.153389999999945,3.1677630133107586,0.92637986,0.7395101,-0.1868697600000001
2,4,right_knee,0,323.23257,707.03754,323.22403,706.87274,-0.008539999999982228,-0.16480000000001382,0.16502112470833621,0.9524529,0.9419135,-0.010539400000000088
2,4,right_knee,1,322.46252,707.727,322.47507,707.634,0.012550000000032924,-0.09299999999996089,0.09384296723779333,0.94634676,0.93374336,-0.012603399999999931
2,4,right_knee,2,321.90442,707.66473,321.95718,707.6705,0.052759999999977936,0.005769999999984066,0.05307457489229177,0.93518543,0.926543,-0.008642429999999979
2,4,right_knee,3,321.8549,707.3707,321.93442,707.33093,0.07952000000000226,-0.03977000000008957,0.08891053537127916,0.9305843,0.92296076,-0.007623539999999984
2,4,right_knee,4,321.83258,706.7441,321.93088,706.6429,0.09829999999999472,-0.10119999999994889,0.1410827062399521,0.9233234,0.91056573,-0.012757670000000054
2,4,right_knee,5,322.26517,706.4303,322.2981,706.25964,0.03292999999996482,-0.17065999999999804,0.17380799895285892,0.93100834,0.9199314,-0.011076940000000035
2,4,right_knee,6,322.20496,705.40875,322.29123,705.31866,0.08626999999995633,-0.09009000000003198,0.12473460225614313,0.91370773,0.9054245,-0.008283230000000086
2,4,right_knee,7,322.66077,704.6106,322.6024,704.22974,-0.0583700000000249,-0.3808599999999842,0.3853068861310305,0.89131063,0.8838718,-0.007438830000000007
2,4,right_knee,8,322.59152,703.0965,322.55246,702.9921,-0.03906000000000631,-0.10439999999994143,0.1114676796205441,0.91007733,0.8981017,-0.011975630000000015
2,4,right_knee,9,322.86667,702.4602,322.97733,702.3895,0.11065999999999576,-0.070699999999988,0.1313168900027615,0.90683925,0.8972974,-0.009541849999999963
2,4,right_knee,10,323.40973,701.6904,323.46912,701.64056,0.05938999999995076,-0.04983999999990374,0.0775319140740415,0.91863066,0.90625453,-0.01237613000000004
2,4,right_knee,11,325.49997,700.0784,325.4398,699.75867,-0.06017000000002781,-0.3197299999999359,0.3253424377482322,0.9127348,0.90075505,-0.011979749999999956
2,4,right_knee,12,325.45673,700.0328,325.4151,699.7622,-0.041629999999997835,-0.2705999999999449,0.2737835219657494,0.91061723,0.89985645,-0.010760780000000025
2,4,right_knee,13,326.45877,699.7122,326.15958,699.1757,-0.29919000000001006,-0.5365000000000464,0.6142856876894136,0.889645,0.8877562,-0.0018888000000000238
2,4,right_knee,14,327.3488,699.1672,326.89685,698.7644,-0.45195000000001073,-0.4027999999999565,0.6053979207925765,0.8915942,0.87667954,-0.014914659999999968
2,4,right_knee,15,328.02527,698.72784,327.7339,698.53973,-0.29136999999997215,-0.1881100000000515,0.3468167369087068,0.90842724,0.88335043,-0.02507680999999995
2,4,right_knee,16,328.7532,698.24146,328.45392,698.0594,-0.2992800000000102,-0.18205999999997857,0.35030609757753045,0.9281993,0.9065534,-0.021645899999999996
2,4,right_knee,17,329.39517,697.21136,329.05832,697.07654,-0.33685000000002674,-0.13481999999999061,0.36282827191388417,0.93369704,0.91421586,-0.019481179999999987
2,4,right_knee,18,329.694,696.81366,329.48428,696.7214,-0.20972000000000435,-0.09226000000001022,0.22911653366792128,0.9135672,0.8977601,-0.015807100000000074
2,4,right_knee,19,330.55386,696.7654,330.38098,696.77527,-0.17287999999996373,0.009869999999978063,0.17316151795357718,0.90050757,0.8887232,-0.011784369999999988
2,4,right_knee,20,331.73544,696.8066,331.6912,696.83154,-0.044240000000002055,0.02494000000001506,0.05078563970258653,0.9132432,0.90507317,-0.00817003000000005
2,4,right_knee,21,332.51486,697.1818,332.5028,697.2124,-0.0120600000000195,0.030600000000049477,0.03289078290347462,0.9180644,0.91401863,-0.004045769999999949
2,4,right_knee,22,333.18323,697.72327,333.16544,697.8287,-0.01778999999999087,0.10543000000006941,0.10692038626947768,0.9218732,0.9186275,-0.003245699999999907
2,4,right_knee,23,333.27753,698.03564,333.24207,698.0269,-0.03546000000000049,-0.008739999999988868,0.036521215751941234,0.93527985,0.93086576,-0.004414090000000037
2,4,right_knee,24,333.33838,697.91406,333.30667,697.92523,-0.03170999999997548,0.011170000000106484,0.03361983045764543,0.93292445,0.92902815,-0.0038962999999999637
2,4,right_knee,25,333.3597,698.7279,333.25955,698.701,-0.10014999999998508,-0.02689999999995507,0.10369972275755898,0.94021386,0.93818665,-0.002027209999999946
2,4,right_knee,26,332.50626,698.2533,332.39526,698.248,-0.11099999999999,-0.005299999999920146,0.11112645949546368,0.94417,0.9414279,-0.0027420999999999696
2,4,right_knee,27,331.95746,697.8401,331.83942,697.83563,-0.1180400000000077,-0.004469999999969332,0.11812460581945466,0.93756634,0.93562394,-0.0019424000000000108
2,4,right_knee,28,331.38477,697.4257,331.37573,697.423,-0.009040000000027248,-0.0027000000000043656,0.009434595910822902,0.9311719,0.92596555,-0.005206350000000026
2,4,right_knee,29,331.2202,696.9961,331.22122,696.97656,0.0010200000000395448,-0.01954000000000633,0.019566604202066542,0.92832184,0.9173076,-0.011014239999999953
2,4,right_knee,30,331.57236,697.0655,331.54837,696.9815,-0.023990000000026157,-0.08400000000006003,0.08735857198930932,0.9390337,0.9269501,-0.012083599999999972
2,4,right_knee,31,330.85153,698.65234,330.89597,698.58435,0.04443999999995185,-0.06799000000000888,0.08122532671523659,0.9523446,0.94054157,-0.011803029999999937
2,4,right_knee,32,330.5709,699.506,330.5628,699.35315,-0.008100000000013097,-0.15284999999994398,0.15306447171039753,0.94544226,0.9362765,-0.009165760000000023
2,4,right_knee,33,330.29535,700.51636,330.41718,700.3629,0.12182999999998856,-0.1534599999999955,0.19594009416144473,0.9296048,0.92441624,-0.005188560000000009
2,4,right_knee,34,330.30148,702.12213,330.41714,702.0781,0.11565999999999121,-0.044030000000020664,0.1237573290758967,0.8989488,0.8924908,-0.006457999999999964
2,4,right_knee,35,330.2971,702.1062,330.40924,702.07666,0.11214000000001079,-0.029539999999997235,0.11596547417228223,0.8986979,0.89213705,-0.0065608500000000625
2,4,right_knee,36,330.07233,703.97125,330.15588,703.9494,0.08355000000000246,-0.021850000000085856,0.0863598575728571,0.86279374,0.85586405,-0.006929689999999988
2,4,right_knee,37,330.08463,705.739,330.1301,705.78595,0.04547000000002299,0.04694999999992433,0.06535918757141176,0.8834356,0.8724997,-0.010935899999999998
2,4,right_knee,38,330.26813,707.8078,330.23413,707.9189,-0.033999999999991815,0.1110999999999649,0.11618610071773493,0.9044702,0.88985777,-0.01461243000000001
2,4,right_knee,39,330.01703,708.5596,330.0047,708.6442,-0.012329999999963093,0.08459999999990941,0.08549379451155366,0.9172921,0.9062785,-0.011013600000000068
2,4,right_knee,40,329.39685,708.34,329.4019,708.4259,0.005050000000039745,0.08589999999992415,0.08604831491660583,0.8991644,0.8870838,-0.012080599999999997
2,4,right_knee,41,329.0534,707.9578,329.09253,707.9636,0.03913000000000011,0.00580000000002201,0.0395575138248129,0.89364064,0.88281107,-0.010829569999999955
2,4,right_knee,42,329.05167,707.93,328.9819,707.98914,-0.06977000000000544,0.05914000000007036,0.09146251964607732,0.8932716,0.88264453,-0.010627070000000072
2,4,right_knee,43,328.81372,707.4073,328.7546,707.5333,-0.05912000000000717,0.12600000000009004,0.13918036643156081,0.8955577,0.89132464,-0.004233060000000011
2,4,right_knee,44,328.7941,707.116,328.70786,707.3119,-0.08624000000003207,0.19590000000005148,0.21404239673491254,0.8979532,0.89228487,-0.005668329999999999
2,4,right_knee,45,328.21838,706.4577,328.0788,706.59186,-0.13958000000002357,0.13415999999995165,0.1936013481357855,0.8989354,0.8947823,-0.004153100000000021
2,4,right_knee,46,328.0227,705.407,327.97464,705.4772,-0.04805999999996402,0.07019999999999982,0.08507528195660898,0.8731041,0.86703146,-0.0060726400000000735
2,4,right_knee,47,328.30136,704.4757,328.3236,704.4831,0.022240000000010696,0.007400000000075124,0.02343880543034537,0.8404834,0.8295468,-0.010936599999999963
2,4,right_knee,48,328.2844,704.4656,328.26486,704.46716,-0.01954000000000633,0.001560000000040418,0.019602173348901224,0.8412896,0.83235854,-0.00893105999999999
2,4,right_knee,49,328.79657,703.4778,328.8602,703.37695,0.06363000000004604,-0.10085000000003674,0.11924554247439721,0.8478925,0.8390143,-0.008878200000000058
2,4,right_knee,50,329.23782,702.4686,329.39383,702.4011,0.15600999999998066,-0.06749999999999545,0.16998638210160646,0.892371,0.8867294,-0.005641600000000024
2,4,right_knee,51,330.51035,701.0213,330.4468,700.95483,-0.06355000000002065,-0.06646999999998116,0.09196120595120597,0.940924,0.93523717,-0.005686830000000032
2,4,right_knee,52,331.364,700.4445,331.313,700.3778,-0.05099999999998772,-0.0666999999999689,0.08396362307567842,0.9503673,0.94432783,-0.006039470000000047
2,4,right_knee,53,332.1753,700.06494,332.05716,699.89325,-0.11813999999998259,-0.17169000000001233,0.2084094904269,0.95706093,0.95187867,-0.005182259999999994
2,4,right_knee,54,332.86703,699.8986,332.8446,699.70404,-0.02242999999998574,-0.19456000000002405,0.1958486622369648,0.9622898,0.9582183,-0.004071500000000006
2,4,right_knee,55,333.06427,699.4779,333.0441,699.32294,-0.02017000000000735,-0.15495999999996002,0.15626717665584128,0.9689934,0.9666,-0.00239339999999999
2,4,right_knee,56,332.9199,698.85016,332.95096,698.8007,0.031060000000024957,-0.04945999999995365,0.058403897130216965,0.96654546,0.9657659,-0.0007795600000000125
2,4,right_knee,57,333.00684,698.201,332.96838,697.98,-0.038459999999986394,-0.22100000000000364,0.2243215807718922,0.95792896,0.94986606,-0.008062900000000095
2,4,right_knee,58,333.31638,697.82623,333.2359,697.67596,-0.08047999999996591,-0.1502699999999777,0.1704643754571254,0.9492374,0.94383067,-0.005406730000000026
2,4,right_knee,59,333.98056,697.7169,333.91315,697.5973,-0.06741000000005215,-0.11959999999999127,0.13728899482480358,0.93448454,0.92844903,-0.006035510000000022
2,4,right_foot_index,0,330.46133,899.0839,336.61105,901.98566,6.149720000000002,2.901760000000081,6.799946115668895,0.99089044,0.37261632,-0.61827412
2,4,right_foot_index,1,330.32874,898.88086,336.1689,901.0461,5.840160000000026,2.16524000000004,6.2286220854375545,0.9887808,0.45927766,-0.5295031400000001
2,4,right_foot_index,2,330.74673,897.6884,336.3046,899.16376,5.55786999999998,1.4753600000000233,5.750357038175964,0.9905441,0.5086954,-0.4818487
2,4,right_foot_index,3,330.6729,894.96704,336.7606,897.45233,6.087699999999984,2.4852899999999636,6.575466346511068,1.0,0.5666185,-0.4333815
2,4,right_foot_index,4,331.38467,893.6743,337.5631,896.99384,6.178429999999992,3.319539999999961,7.013725335119678,1.0,0.64530385,-0.35469615
2,4,right_foot_index,5,332.0808,891.8789,337.70108,893.9278,5.62027999999998,2.0489000000000033,5.982101511041065,1.0,0.5918999,-0.40810009999999997
2,4,right_foot_index,6,333.0143,889.2884,338.7997,890.80566,5.7853999999999814,1.5172599999999647,5.981047656355839,1.0,0.50189364,-0.49810635999999997
2,4,right_foot_index,7,333.0104,887.0883,339.11972,889.9296,6.109319999999968,2.8413000000000466,6.737713006087442,1.0,0.45694545,-0.54305455
2,4,right_foot_index,8,333.38257,885.3487,338.97424,888.4189,5.591670000000022,3.0702,6.379098794414477,1.0,0.465174,-0.534826
2,4,right_foot_index,9,333.98016,882.9071,338.91125,884.82056,4.931089999999983,1.9134599999999864,5.289326777549274,0.99998504,0.38715494,-0.6128301
2,4,right_foot_index,10,334.3818,881.27515,337.95874,881.6002,3.576939999999979,0.32504999999991924,3.5916788923983445,0.9731426,0.5564707,-0.4166719
2,4,right_foot_index,11,337.27908,875.57104,336.63263,878.4248,-0.6464500000000157,2.8537599999999657,2.926062839396964,0.99727905,0.9513865,-0.04589254999999992
2,4,right_foot_index,12,337.22873,875.53937,336.45367,878.53345,-0.7750599999999963,2.9940800000000536,3.0927710956358077,0.9971251,0.96104807,-0.036077029999999954
2,4,right_foot_index,13,336.6646,873.3794,338.78116,875.89667,2.1165599999999927,2.5172699999999395,3.2888409031906156,0.98835063,0.8737185,-0.11463213000000005
2,4,right_foot_index,14,337.10904,872.53705,341.15005,873.8626,4.041010000000028,1.325550000000021,4.252863108848001,0.9638195,0.4076941,-0.5561254
2,4,right_foot_index,15,336.75018,870.1154,444.70496,899.6524,107.95478000000003,29.53699999999992,111.92260224748351,0.932648,0.41102126,-0.5216267400000001
2,4,right_foot_index,16,337.06183,869.0766,437.28333,905.0476,100.22149999999999,35.971000000000004,106.48127489493163,0.94698584,0.4145104,-0.53247544
2,4,right_foot_index,17,338.04517,865.79974,341.1252,867.0077,3.080030000000022,1.2079599999999573,3.3084365132944646,0.9629392,0.4335567,-0.5293825
2,4,right_foot_index,18,339.0078,863.7182,341.50333,864.92773,2.4955300000000307,1.2095299999999725,2.7731990195079916,0.9435306,0.4973806,-0.44615
2,4,right_foot_index,19,339.43597,862.3325,343.10016,863.00183,3.664190000000019,0.669330000000059,3.724820935964603,0.9842647,0.59613603,-0.38812866999999995
2,4,right_foot_index,20,339.68835,861.46893,343.27872,861.1826,3.590370000000007,-0.28633000000002085,3.601769232724393,0.99811983,0.58582723,-0.4122926
2,4,right_foot_index,21,339.88138,859.4,342.53052,859.8753,2.6491400000000453,0.4753000000000611,2.6914406606128805,1.0,0.5178054,-0.48219460000000003
2,4,right_foot_index,22,340.5538,857.5775,342.87872,857.8039,2.3249199999999632,0.22640000000001237,2.3359173714838106,0.9970089,0.55563337,-0.44137552999999996
2,4,right_foot_index,23,339.83774,857.17816,341.9108,857.16656,2.073059999999998,-0.01160000000004402,2.073092454185291,0.98397344,0.64672905,-0.33724438999999995
2,4,right_foot_index,24,339.86047,857.09094,341.243,858.07275,1.3825299999999743,0.9818099999999959,1.6956827760521485,0.97546554,0.6583359,-0.31712964
2,4,right_foot_index,25,338.2898,858.3229,339.9096,859.8481,1.619799999999998,1.5252000000000407,2.2248566425727563,1.0,0.6797125,-0.32028749999999995
2,4,right_foot_index,26,338.16415,860.1018,339.05994,862.91974,0.8957899999999768,2.8179400000000214,2.956894581769881,1.0,0.9969827,-0.0030173000000000005
2,4,right_foot_index,27,335.69922,864.40814,336.48264,866.10034,0.7834199999999782,1.692199999999957,1.8647487059654502,0.95210844,0.86467427,-0.08743416999999998
2,4,right_foot_index,28,335.64752,868.12476,342.24884,870.4458,6.601319999999987,2.3210399999999254,6.997474717639177,0.98147917,0.88546175,-0.09601741999999991
2,4,right_foot_index,29,333.9764,873.06396,342.97916,876.47955,9.002759999999967,3.4155900000000656,9.628911811087473,1.0,0.93587,-0.06413000000000002
2,4,right_foot_index,30,331.8131,878.461,334.91174,880.36896,3.098639999999989,1.9079600000000028,3.6389395723479585,1.0,0.73551375,-0.26448625000000003
2,4,right_foot_index,31,328.8176,885.155,336.71335,887.1956,7.895749999999964,2.0406000000000404,8.155177277196346,0.9689784,0.43815273,-0.53082567
2,4,right_foot_index,32,327.03952,888.23596,334.53433,890.102,7.4948100000000295,1.8660399999999981,7.723618466606208,0.9306602,0.54970556,-0.38095464
2,4,right_foot_index,33,326.39526,891.46387,335.02808,894.35156,8.632819999999981,2.887689999999907,9.102984932894216,0.97125214,0.5751101,-0.3961420400000001
2,4,right_foot_index,34,326.60785,893.1314,334.62045,895.7608,8.01260000000002,2.6294000000000324,8.433000837187228,0.95012873,0.38561282,-0.5645159099999999
2,4,right_foot_index,35,326.61603,893.1481,334.617,895.78284,8.000969999999995,2.634739999999965,8.423620113021464,0.9493758,0.3911941,-0.5581817
2,4,right_foot_index,36,328.56158,895.45215,335.464,898.5464,6.902420000000006,3.094249999999988,7.564243843167671,0.961668,0.42964277,-0.5320252299999999
2,4,right_foot_index,37,329.4895,897.88336,336.42242,901.7618,6.932919999999967,3.878439999999955,7.944034023089226,0.9672333,0.3700942,-0.5971390999999999
2,4,right_foot_index,38,329.68878,900.2219,338.1296,904.4374,8.440819999999974,4.21550000000002,9.434928856244742,0.9767239,0.28258592,-0.69413798
2,4,right_foot_index,39,333.25284,901.9102,339.61896,905.1485,6.3661200000000235,3.238299999999981,7.142413509759861,1.0,0.35306373,-0.64693627
2,4,right_foot_index,40,333.69467,900.7555,339.4615,904.05347,5.766830000000027,3.297969999999964,6.6432623288411605,0.9927549,0.3978246,-0.5949303
2,4,right_foot_index,41,334.2839,898.9392,338.56433,901.82477,4.280429999999967,2.885569999999916,5.162227737111104,0.9775068,0.39219347,-0.58531333
2,4,right_foot_index,42,334.29388,898.9286,338.55872,901.9091,4.264839999999992,2.9805000000000064,5.203099122215526,0.97674644,0.3925219,-0.58422454
2,4,right_foot_index,43,334.5785,897.1003,339.38498,897.3118,4.806479999999965,0.2115000000000009,4.811131077033722,0.9600476,0.48582,-0.4742276
2,4,right_foot_index,44,335.37823,892.8384,341.53812,891.9812,6.1598900000000185,-0.8572000000000344,6.219247273754299,0.9786276,0.4819977,-0.49662990000000007
2,4,right_foot_index,45,335.94998,890.9957,341.93948,889.0167,5.989500000000021,-1.9790000000000418,6.30797521000205,0.9878439,0.41632992,-0.57151398
2,4,right_foot_index,46,336.93854,888.70575,340.49933,888.172,3.5607899999999972,-0.5337499999999409,3.6005714111235063,0.94161564,0.2751206,-0.66649504
2,4,right_foot_index,47,336.8431,885.6824,339.84677,888.0922,3.0036699999999996,2.4098000000000184,3.850866072573816,0.9528853,0.27787584,-0.6750094600000001
2,4,right_foot_index,48,336.75592,885.7035,341.52994,885.5427,4.774020000000007,-0.16079999999999472,4.776727289724636,0.9538398,0.351533,-0.6023068
2,4,right_foot_index,49,337.29587,883.958,341.13077,883.9239,3.8349000000000046,-0.03409999999996671,3.8350516059109343,0.9701087,0.24487406,-0.72523464
2,4,right_foot_index,50,337.60266,881.64325,341.82053,882.8215,4.217870000000005,1.1782500000000482,4.37934931232942,0.9727142,0.40383384,-0.56888036
2,4,right_foot_index,51,339.93747,876.1514,340.91153,878.9183,0.9740600000000086,2.766900000000078,2.93334765985903,1.0,1.0,0.0
2,4,right_foot_index,52,340.34094,873.92615,341.37875,877.23584,1.0378100000000359,3.309690000000046,3.4685872473098294,0.9925967,0.98448044,-0.008116259999999986
2,4,right_foot_index,53,340.7736,873.7133,452.56024,891.3367,111.78664000000003,17.623399999999947,113.16729699895463,0.98769504,0.4955315,-0.49216353999999995
2,4,right_foot_index,54,340.251,871.0621,341.88718,873.3893,1.6361800000000244,2.3272000000000617,2.844810157532549,0.9271923,0.32753932,-0.5996529799999999
2,4,right_foot_index,55,340.3747,869.7011,440.84583,902.3555,100.47112999999996,32.65440000000001,105.64448780147923,0.9846582,0.3958626,-0.5887956000000001
2,4,right_foot_index,56,340.89145,867.2659,435.95526,905.37646,95.06380999999999,38.110559999999964,102.41846881900595,0.97439533,0.5184939,-0.45590143000000005
2,4,right_foot_index,57,341.33688,865.40375,441.05823,905.53546,99.72134999999997,40.13171,107.49372908847565,0.9440287,0.5065582,-0.4374705000000001
2,4,right_foot_index,58,341.8257,864.0286,344.6802,865.8073,2.85450000000003,1.7787000000000717,3.363323347524057,0.90489066,0.64274615,-0.26214450999999994
2,4,right_foot_index,59,341.89594,862.37604,346.72623,865.2765,4.830289999999991,2.9004600000000664,5.634214203924119,0.95177794,0.6290626,-0.32271534
2,4,right_ankle,0,329.0374,859.1988,329.03955,859.129,0.00215000000002874,-0.06979999999998654,0.06983310461377358,0.9939288,0.99903816,0.005109360000000063
2,4,right_ankle,1,329.03757,857.8404,329.17566,857.79785,0.13808999999997695,-0.04255000000000564,0.14449688785573936,0.9681142,0.9718081,0.0036938999999999167
2,4,right_ankle,2,329.67114,856.33246,329.57806,856.20483,-0.09307999999998628,-0.12762999999995372,0.1579661460566334,0.93134683,0.93369716,0.002350330000000067
2,4,right_ankle,3,330.06207,853.7874,330.3395,854.0427,0.2774299999999812,0.25529999999992015,0.3770218758904432,1.0,0.95602226,-0.04397773999999999
2,4,right_ankle,4,330.3965,851.6938,330.79855,851.81226,0.40204999999997426,0.11846000000002732,0.41913837106615015,1.0,0.98106104,-0.01893895999999995
2,4,right_ankle,5,330.919,849.3681,330.88544,849.69714,-0.03355999999996584,0.3290399999999636,0.3307470259881013,0.999783,0.9913651,-0.008417899999999978
2,4,right_ankle,6,331.13928,847.4436,331.5061,847.5589,0.36682000000001835,0.11530000000004748,0.38451398206050247,0.9863974,0.957897,-0.02850039999999998
2,4,right_ankle,7,331.59143,845.6791,331.778,846.2572,0.18657000000001744,0.5781000000000631,0.6074602661080636,1.0,1.0,0.0
2,4,right_ankle,8,332.63226,843.57916,332.64722,843.6726,0.014960000000030504,0.09343999999998687,0.09462999101763911,1.0,1.0,0.0
2,4,right_ankle,9,332.27597,841.7012,332.38916,841.6662,0.11319000000003143,-0.03499999999996817,0.11847774516762584,0.99302363,0.9759991,-0.017024530000000038
2,4,right_ankle,10,333.11212,839.1108,333.28796,839.17395,0.17583999999999378,0.06314999999995052,0.1868358319487768,0.96550196,0.95532507,-0.010176889999999994
2,4,right_ankle,11,334.1265,835.31934,334.20694,835.4454,0.08043999999995322,0.12605999999993855,0.14953834692137324,0.9891111,0.9847874,-0.004323700000000041
2,4,right_ankle,12,334.1816,835.41925,334.21057,835.4801,0.02897000000001526,0.06084999999995944,0.06739423862613145,0.9886566,0.9862736,-0.002383000000000024
2,4,right_ankle,13,334.3461,832.7448,334.36087,833.0533,0.014769999999998618,0.3084999999999809,0.30885336795960017,0.98050874,0.9817572,0.0012484600000000068
2,4,right_ankle,14,334.54218,830.3467,334.67633,830.88214,0.13415000000003374,0.5354399999999941,0.5519893260743388,0.9300306,0.9347932,0.00476259999999995
2,4,right_ankle,15,335.14075,828.7029,336.03476,828.2589,0.8940099999999802,-0.44399999999996,0.9981933079819404,0.9522913,0.9780442,0.02575290000000008
2,4,right_ankle,16,335.86322,826.4749,335.50644,826.5378,-0.35678000000001475,0.06289999999989959,0.36228218062719825,0.9561723,0.9806952,0.024522900000000014
2,4,right_ankle,17,336.57147,820.98944,336.3809,820.97296,-0.1905699999999797,-0.016480000000001382,0.191281246597758,0.94456774,0.9196737,-0.02489403999999995
2,4,right_ankle,18,336.73535,817.5197,336.49097,817.5521,-0.24437999999997828,0.03240000000005239,0.24651844636860906,0.9639415,0.9456227,-0.01831879999999997
2,4,right_ankle,19,337.09805,814.1238,337.16287,814.5638,0.06481999999999744,0.44000000000005457,0.4447489543552044,0.9558827,0.9710849,0.015202200000000055
2,4,right_ankle,20,336.9964,812.17584,336.70798,812.3139,-0.2884199999999737,0.13805999999999585,0.3197603164871834,0.998673,1.0,0.001326999999999967
2,4,right_ankle,21,336.2146,809.04,335.6856,809.29364,-0.5289999999999964,0.2536400000000185,0.5866636596892683,0.9300315,0.9577952,0.027763699999999947
2,4,right_ankle,22,335.52454,807.06305,335.3565,807.0386,-0.16804000000001906,-0.024450000000001637,0.16980943466134762,0.93378025,0.9349583,0.0011780500000000416
2,4,right_ankle,23,335.01346,805.74866,335.09814,805.9585,0.08467999999999165,0.2098399999999856,0.2262819656976502,0.9627333,0.9586417,-0.004091599999999973
2,4,right_ankle,24,335.06796,805.8306,335.0958,805.9325,0.027839999999969223,0.10190000000000055,0.10563463257851753,0.96170753,0.9582619,-0.0034456299999999773
2,4,right_ankle,25,335.0613,806.97314,335.16968,807.2645,0.10838000000001102,0.29136000000005424,0.3108647197737852,0.9465081,0.9312322,-0.015275900000000009
2,4,right_ankle,26,334.2031,809.77124,334.13995,809.9297,-0.06315000000000737,0.15845999999999094,0.17057987601120497,0.95737505,0.9554277,-0.0019473500000000143
2,4,right_ankle,27,333.56018,814.61176,333.82895,814.7407,0.2687700000000177,0.1289399999999432,0.2980987026137398,0.9609374,0.95356876,-0.007368640000000037
2,4,right_ankle,28,333.21982,820.6752,333.30542,820.6731,0.08559999999999945,-0.002100000000041291,0.08562575547112025,0.98425585,0.97686476,-0.007391090000000045
2,4,right_ankle,29,333.05176,828.4593,333.2237,828.95337,0.17194000000000642,0.49406999999996515,0.5231333754406879,0.9816705,0.9685767,-0.013093800000000044
2,4,right_ankle,30,331.46826,834.40356,331.83054,834.8856,0.3622799999999984,0.4820399999999836,0.6030002985073747,1.0,1.0,0.0
2,4,right_ankle,31,329.95526,843.121,330.17505,843.41705,0.21978999999998905,0.29605000000003656,0.3687183838649991,0.98369867,0.9996389,0.01594023
2,4,right_ankle,32,329.23294,847.32367,329.132,847.6301,-0.10093999999998005,0.30642999999997755,0.32262707341446445,0.9562688,0.9638312,0.007562399999999969
2,4,right_ankle,33,329.6185,850.42163,329.43582,850.7948,-0.18268000000000484,0.37316999999995915,0.41548505544721015,0.99842817,0.98848885,-0.009939319999999974
2,4,right_ankle,34,329.4939,853.69696,329.2945,854.17224,-0.1993999999999687,0.4752799999999979,0.5154138515794716,0.9978822,0.9583562,-0.03952600000000006
2,4,right_ankle,35,329.4934,853.74554,329.29257,854.1836,-0.2008299999999963,0.4380599999999504,0.481901704188681,0.99735,0.95905346,-0.038296539999999935
2,4,right_ankle,36,329.75757,856.48615,329.42865,856.5457,-0.32891999999998234,0.05955000000005839,0.33426721182310914,0.9371572,0.9408278,0.0036705999999999683
2,4,right_ankle,37,330.43756,859.1276,330.24768,859.2636,-0.18988000000001648,0.13599999999996726,0.23356030142127612,0.9984669,1.0,0.001533099999999954
2,4,right_ankle,38,331.21567,861.6806,331.07104,862.2449,-0.14463000000000648,0.5643000000000029,0.58253954964449,1.0,0.99614865,-0.003851350000000031
2,4,right_ankle,39,332.49136,861.02356,332.62164,861.5134,0.13028000000002748,0.489840000000072,0.5068689219118466,1.0,1.0,0.0
2,4,right_ankle,40,332.5133,859.2858,332.68515,859.1797,0.17185000000000628,-0.10609999999996944,0.20196443375009293,1.0,1.0,0.0
2,4,right_ankle,41,332.07596,857.0349,332.20148,856.6935,0.12551999999999452,-0.34140000000002146,0.36374335787751955,0.98537713,0.9591315,-0.02624563000000002
2,4,right_ankle,42,332.08902,856.99884,332.211,856.7014,0.12198000000000775,-0.29743999999993775,0.3214804410846247,0.9845411,0.95919424,-0.02534685999999997
2,4,right_ankle,43,332.92358,854.64734,333.14877,854.6132,0.22518999999999778,-0.03413999999997941,0.22776320093464966,0.9802862,0.96001655,-0.020269650000000028
2,4,right_ankle,44,333.5167,849.8136,333.77533,850.0185,0.2586299999999824,0.20490000000006603,0.32995982619103487,1.0,0.98885286,-0.011147140000000055
2,4,right_ankle,45,333.66013,847.5221,333.92706,847.8966,0.2669300000000021,0.3745000000000118,0.4598933299146771,0.9604004,0.96838576,0.007985359999999941
2,4,right_ankle,46,334.09085,845.6502,334.42905,845.98926,0.3382000000000289,0.339059999999904,0.47889552472324737,0.9612259,0.9280995,-0.0331264
2,4,right_ankle,47,334.07022,843.93066,334.49896,843.9628,0.4287400000000048,0.0321400000000267,0.42994298133590436,0.99500954,0.978928,-0.01608153999999995
2,4,right_ankle,48,333.9693,843.8661,334.4512,843.93304,0.481899999999996,0.06694000000004507,0.4865270533074211,0.99860275,0.9826502,-0.015952549999999954
2,4,right_ankle,49,334.3062,841.8164,334.9004,841.49554,0.5942000000000007,-0.3208600000000388,0.675296068106446,0.9693916,0.9533071,-0.016084500000000057
2,4,right_ankle,50,335.18817,839.7592,335.2169,839.52094,0.028729999999995925,-0.23825999999996839,0.23998591729512944,0.9097524,0.9035549,-0.006197499999999967
2,4,right_ankle,51,336.56284,835.00555,336.5494,835.20593,-0.013440000000002783,0.20037999999999556,0.2008302218292812,0.9570723,0.97347003,0.01639773
2,4,right_ankle,52,336.68658,832.3081,336.77554,832.1546,0.08895999999998594,-0.15350000000000819,0.17741513915108825,0.93824047,0.9422364,0.003995929999999981
2,4,right_ankle,53,337.3246,830.292,337.62552,830.791,0.30092000000001917,0.49900000000002365,0.5827124903415364,0.9217101,0.9429638,0.021253700000000042
2,4,right_ankle,54,337.72433,828.2624,338.1959,828.6006,0.4715699999999856,0.3382000000000289,0.580308112040497,0.97819716,0.98455673,0.006359569999999981
2,4,right_ankle,55,337.83472,826.4424,338.4562,826.4361,0.6214800000000196,-0.006300000000010186,0.6215119310198514,0.9801728,0.9819439,0.0017711000000000254
2,4,right_ankle,56,337.86966,823.55707,338.22775,823.7739,0.35809000000000424,0.2168300000000727,0.4186211855604474,0.9276987,0.92864996,0.0009512600000000093
2,4,right_ankle,57,338.67026,820.9423,338.724,820.63293,0.053740000000004784,-0.3093700000000581,0.3140028415477103,0.9928598,0.96426934,-0.028590459999999984
2,4,right_ankle,58,338.92877,818.14825,339.05365,818.1492,0.12488000000001875,0.0009499999999889042,0.12488361341667154,0.993223,0.9974453,0.004222300000000012
2,4,right_ankle,59,338.608,815.00964,338.49075,815.1955,-0.11725000000001273,0.18586000000004788,0.21975327551602225,0.9569275,0.9750206,0.018093099999999973
3,5,right_knee,0,333.6934,625.6568,333.785,625.58966,0.0916000000000281,-0.06713999999999487,0.1135708571773783,0.9331975,0.9215847,-0.011612799999999979
3,5,right_knee,1,334.0925,625.898,334.2804,625.7445,0.18790000000001328,-0.15350000000000819,0.24262864628894812,0.93770576,0.9264873,-0.011218460000000041
3,5,right_knee,2,334.35593,625.9556,334.5389,625.90063,0.18297000000001162,-0.05497000000002572,0.1910490036613829,0.9372355,0.9246186,-0.012616900000000042
3,5,right_knee,3,334.50903,625.82697,334.66846,625.74146,0.1594299999999862,-0.08550999999999931,0.18091402654298389,0.9344541,0.92259085,-0.011863249999999992
3,5,right_knee,4,334.68848,625.8463,334.84555,625.7077,0.15706999999997606,-0.13859999999999673,0.20947779094689625,0.9316478,0.92450804,-0.0071397600000000505
3,5,right_knee,5,334.7773,625.9258,334.93347,625.7966,0.1561699999999746,-0.1291999999999689,0.20268623263552962,0.93288326,0.92299056,-0.009892699999999977
3,5,right_knee,6,334.98776,626.07086,335.0976,626.07227,0.1098400000000197,0.0014099999999643842,0.10984904960901677,0.9354279,0.9286485,-0.006779399999999991
3,5,right_knee,7,334.88507,626.7473,334.9064,626.5368,0.021330000000034488,-0.21050000000002456,0.21157792630615277,0.9470587,0.9376788,-0.009379899999999997
3,5,right_knee,8,334.9727,627.34534,335.00433,627.1639,0.03163000000000693,-0.1814399999999523,0.18417635706024574,0.90470195,0.8952395,-0.009462450000000011
3,5,right_knee,9,334.8635,627.7613,334.90668,627.5129,0.04318000000000666,-0.24840000000006057,0.2521251125929955,0.90616524,0.90571105,-0.00045419000000002097
3,5,right_knee,10,334.82816,627.9413,334.952,627.9027,0.12383999999997286,-0.03859999999997399,0.12971625033121822,0.9238491,0.9250024,0.0011533000000000238
3,5,right_knee,11,334.953,628.66174,335.2453,628.53204,0.29230000000001155,-0.12969999999995707,0.3197833328990046,0.938711,0.9365627,-0.002148299999999992
3,5,right_knee,12,334.72333,629.00256,334.93066,628.7772,0.20733000000001311,-0.22536000000002332,0.30622354334703916,0.93558353,0.92885673,-0.006726800000000033
3,5,right_knee,13,334.5801,629.12787,334.8722,628.79706,0.2921000000000049,-0.33081000000004224,0.44131356890541085,0.9246515,0.9156719,-0.008979599999999976
3,5,right_knee,14,334.41467,629.42676,334.73434,629.1029,0.3196699999999737,-0.32385999999996784,0.4550540720617302,0.92135215,0.91142833,-0.009923820000000028
3,5,right_knee,15,334.389,629.47986,334.66995,629.1874,0.2809499999999616,-0.2924600000000055,0.4055437758121577,0.9141647,0.9019214,-0.012243300000000068
3,5,right_knee,16,334.31845,629.22406,334.6023,628.89685,0.28385000000002947,-0.3272100000000364,0.43317110545376936,0.9224219,0.9097563,-0.012665600000000055
3,5,right_knee,17,334.1985,628.71295,334.3682,628.46277,0.16969999999997754,-0.2501800000000003,0.30230468471393646,0.9189951,0.9059993,-0.012995800000000002
3,5,right_knee,18,333.95016,627.5727,334.11844,627.152,0.1682800000000384,-0.42070000000001073,0.4531077668723214,0.92822945,0.91246843,-0.015761020000000014
3,5,right_knee,19,333.22787,626.8732,333.36316,626.3024,0.1352899999999977,-0.5707999999999629,0.5866140333302273,0.9179677,0.9047125,-0.013255200000000023
3,5,right_knee,20,332.3745,626.35736,332.58972,625.94025,0.21521999999998798,-0.41710999999997966,0.46936169475147616,0.91568404,0.90436155,-0.011322490000000074
3,5,right_knee,21,331.8531,625.2908,332.08353,625.0098,0.23043000000001257,-0.28099999999994907,0.36339920872227716,0.93009305,0.9126859,-0.017407149999999927
3,5,right_knee,22,331.32254,624.484,331.47168,624.01215,0.1491399999999885,-0.47185000000001764,0.49485872943701137,0.92997867,0.9197657,-0.010212969999999988
3,5,right_knee,23,330.62927,623.4889,330.76755,623.2392,0.13828000000000884,-0.24969999999996162,0.2854320381456561,0.9484886,0.94509447,-0.003394129999999995
3,5,right_knee,24,330.3508,622.8613,330.5733,622.518,0.222500000000025,-0.3432999999999993,0.4090979589291673,0.9754391,0.9739703,-0.0014688000000000478
3,5,right_knee,25,330.1663,622.25287,330.3151,621.8512,0.14879999999999427,-0.401670000000081,0.4283459220070426,0.9889077,0.9849597,-0.0039479999999999515
3,5,right_knee,26,329.85974,622.0806,330.1257,621.4997,0.26596000000000686,-0.5809000000000424,0.6388892952617479,0.98558646,0.9863406,0.0007541399999999587
3,5,right_knee,27,329.73782,621.77234,329.94888,621.26337,0.21105999999997493,-0.5089699999999766,0.5509961746690857,0.9813075,0.98070365,-0.0006038499999999614
3,5,right_knee,28,329.75122,621.8683,329.98758,621.4106,0.23635999999999058,-0.4576999999999316,0.5151265277579218,0.96935415,0.9606639,-0.00869025000000001
3,5,right_knee,29,329.75024,622.1044,330.01413,621.6129,0.2638900000000035,-0.4915000000000873,0.5578621533139595,0.9760171,0.9668602,-0.009156900000000023
3,5,right_knee,30,329.91058,622.05164,330.1643,621.46826,0.2537200000000439,-0.5833800000000338,0.6361651222757042,0.98893505,0.98324686,-0.005688190000000093
3,5,right_knee,31,329.81717,622.13477,330.06952,621.5187,0.2523500000000354,-0.6160700000000361,0.6657497783702689,0.9948207,0.99129933,-0.003521369999999968
3,5,right_knee,32,329.25403,622.1335,329.57733,621.4929,0.32330000000001746,-0.6406000000000631,0.717559231004725,0.9911197,0.9797346,-0.011385100000000037
3,5,right_knee,33,328.6604,622.8539,329.0691,622.0003,0.4087000000000103,-0.8535999999999149,0.9463977229473152,0.9651439,0.96638006,0.0012361599999999306
3,5,right_knee,34,328.40744,623.04126,328.71487,622.3888,0.30743000000001075,-0.6524600000000191,0.721260879640669,0.95200264,0.95219046,0.0001878199999999497
3,5,right_knee,35,328.18936,623.53253,328.50964,623.0373,0.32027999999996837,-0.4952299999999923,0.5897728641604089,0.93197685,0.9327198,0.00074295000000002
3,5,right_knee,36,328.1679,624.0382,328.49957,623.6236,0.331670000000031,-0.41459999999995034,0.5309408148748591,0.92233676,0.9219109,-0.00042586000000000013
3,5,right_knee,37,327.46512,624.42395,327.92508,624.24506,0.45995999999996684,-0.17889000000002397,0.49352288062457456,0.8970672,0.88118464,-0.01588255999999999
3,5,right_knee,38,327.33966,624.5687,327.59488,624.2765,0.25522000000000844,-0.2921999999999798,0.3879666073259302,0.90584236,0.8862042,-0.01963815999999996
3,5,right_knee,39,327.77725,625.4475,327.98676,624.99225,0.20951000000002296,-0.45524999999997817,0.5011456899944264,0.8994758,0.8814477,-0.018028100000000102
3,5,right_knee,40,328.37698,625.2653,328.68454,624.87445,0.3075600000000236,-0.39085000000000036,0.49734985281993876,0.9045662,0.8876854,-0.01688080000000003
3,5,right_knee,41,329.02466,625.2689,329.20963,624.54205,0.18497000000002117,-0.7268500000000131,0.7500165487507772,0.91730225,0.894856,-0.02244625
3,5,right_knee,42,329.43488,625.0108,329.73477,624.27435,0.2998900000000049,-0.7364499999999907,0.7951682932562071,0.92216265,0.9107657,-0.011396949999999961
3,5,right_knee,43,329.89313,624.8461,330.10815,624.09937,0.21502000000003818,-0.7467299999999568,0.777070970568295,0.93200105,0.9200822,-0.011918850000000036
3,5,right_knee,44,330.4989,624.9318,330.87198,624.4663,0.37308000000001584,-0.4654999999999063,0.5965558954531626,0.93506086,0.9131355,-0.021925360000000005
3,5,right_knee,45,330.93845,624.9545,331.1619,624.49963,0.22345000000001392,-0.4548700000000281,0.5067905083957589,0.92335916,0.9007052,-0.022653959999999973
3,5,right_knee,46,331.09366,625.4735,331.42374,625.01746,0.3300800000000095,-0.4560399999999163,0.562961178057537,0.9447982,0.9287087,-0.01608949999999998
3,5,right_knee,47,331.338,625.9341,331.46204,625.65454,0.1240399999999795,-0.27955999999994674,0.30584263142989915,0.92589056,0.9184171,-0.007473460000000043
3,5,right_knee,48,331.55157,626.2406,331.58368,626.00745,0.03210999999998876,-0.23315000000002328,0.23535074803367448,0.8979049,0.88663876,-0.011266140000000036
3,5,right_knee,49,331.68933,626.52893,331.81488,626.2673,0.12555000000003247,-0.2616299999999683,0.29019486453070037,0.8909552,0.88644975,-0.004505449999999911
3,5,right_knee,50,331.7793,626.9454,331.95178,626.62695,0.1724800000000073,-0.31844999999998436,0.3621598444057438,0.9022316,0.88973665,-0.012494950000000005
3,5,right_knee,51,331.91635,627.7625,332.12054,627.4308,0.20418999999998277,-0.33170000000006894,0.3895105211673219,0.92933977,0.91900325,-0.01033651999999996
3,5,right_knee,52,331.68463,628.55896,331.96182,628.2513,0.27718999999996186,-0.30765999999994165,0.414112269439029,0.9314325,0.915576,-0.01585650000000005
3,5,right_knee,53,331.61984,628.97644,331.82776,628.5465,0.20792000000000144,-0.4299399999999878,0.47757630803882023,0.92774636,0.9138254,-0.013920959999999982
3,5,right_knee,54,331.70966,629.37836,331.8665,629.0373,0.15683999999998832,-0.3410600000000841,0.3753940718765464,0.919111,0.904845,-0.014266000000000001
3,5,right_knee,55,331.79126,629.1881,331.89236,628.8159,0.10109999999997399,-0.37219999999990705,0.38568646592786415,0.9166883,0.89420485,-0.02248344999999996
3,5,right_knee,56,331.8434,628.9736,331.998,628.4749,0.15460000000001628,-0.49869999999998527,0.5221138285852908,0.91343504,0.8902365,-0.02319853999999999
3,5,right_knee,57,331.93802,628.35706,332.14594,627.8629,0.20792000000000144,-0.494160000000079,0.5361201656346072,0.9194666,0.898825,-0.020641600000000038
3,5,right_knee,58,332.13727,627.29694,332.2666,626.8384,0.12932999999998174,-0.45853999999997086,0.4764296175721746,0.9322688,0.9074719,-0.02479690000000001
3,5,right_knee,59,331.49094,627.0048,331.67987,626.5292,0.18892999999997073,-0.4756000000000995,0.5117518000946196,0.9235788,0.9033743,-0.02020450000000007
3,5,right_heel,0,340.00974,745.0097,339.95288,745.68365,-0.056860000000028776,0.6739499999999907,0.676344336932003,0.91706485,0.97364825,0.05658339999999995
3,5,right_heel,1,340.35703,745.6859,340.1133,746.51996,-0.24373000000002776,0.8340600000000222,0.8689421134345202,0.94674367,1.0,0.05325632999999996
3,5,right_heel,2,340.80884,746.6408,340.727,747.7074,-0.08183999999999969,1.066599999999994,1.0697351754523112,0.9449203,0.9973379,0.05241759999999995
3,5,right_heel,3,340.82825,747.72943,340.54987,748.6545,-0.27838000000002694,0.9250700000000052,0.9660486164267431,0.95324695,0.9999756,0.04672864999999993
3,5,right_heel,4,341.2368,749.18726,340.65204,749.59973,-0.584760000000017,0.4124699999999848,0.7155946887030447,0.975799,1.0,0.024201000000000028
3,5,right_heel,5,341.26758,749.7965,340.76685,750.42267,-0.5007300000000328,0.6261700000000019,0.8017601897076427,0.9643763,1.0,0.035623700000000036
3,5,right_heel,6,341.03287,751.1945,340.19827,751.2545,-0.8346000000000231,0.06000000000005912,0.8367539423271608,0.9661986,1.0,0.03380139999999998
3,5,right_heel,7,341.05487,752.0841,340.64734,752.25055,-0.4075300000000084,0.1664499999999407,0.4402116575012378,0.972194,1.0,0.027805999999999997
3,5,right_heel,8,341.3926,753.2966,341.36453,753.9415,-0.028070000000013806,0.6449000000000069,0.6455106001453498,0.95827436,0.99216807,0.033893709999999966
3,5,right_heel,9,341.59985,753.96643,341.72775,754.2266,0.127900000000011,0.26017000000001644,0.2899083284419601,1.0,1.0,0.0
3,5,right_heel,10,341.78317,754.70026,341.79922,754.897,0.016050000000007003,0.19674000000009073,0.19739359184136634,1.0,1.0,0.0
3,5,right_heel,11,341.7916,755.3914,341.71588,756.10675,-0.0757199999999898,0.7153500000000577,0.7193463288987307,0.9880586,1.0,0.011941399999999991
3,5,right_heel,12,341.77573,756.37494,341.7472,757.2677,-0.028529999999989286,0.8927599999999529,0.8932157513724863,0.99663436,1.0,0.0033656399999999476
3,5,right_heel,13,341.92218,757.48474,342.09024,758.37946,0.16805999999996857,0.8947200000000066,0.9103669820462522,0.9926706,1.0,0.0073294000000000414
3,5,right_heel,14,342.4533,758.4248,342.435,759.37213,-0.01830000000001064,0.9473299999999654,0.9475067381818109,1.0,1.0,0.0
3,5,right_heel,15,342.81738,758.82776,342.69315,759.5466,-0.12423000000001139,0.7188400000000001,0.7294957426195187,1.0,1.0,0.0
3,5,right_heel,16,342.9781,758.139,342.53894,758.8167,-0.4391599999999585,0.6776999999999589,0.8075511102090739,0.9985612,1.0,0.0014387999999999623
3,5,right_heel,17,343.27087,757.05273,342.5264,757.6397,-0.7444699999999784,0.5869699999999511,0.9480344728963764,0.993234,1.0,0.00676600000000005
3,5,right_heel,18,343.19678,755.63715,342.07355,756.1239,-1.1232299999999782,0.4867500000000291,1.2241614253847322,1.0,1.0,0.0
3,5,right_heel,19,343.4318,754.2547,342.4693,754.48816,-0.9625000000000341,0.23346000000003642,0.9904089163573209,0.98731655,1.0,0.01268345000000004
3,5,right_heel,20,343.4762,752.1189,342.4429,752.4001,-1.033299999999997,0.28119999999989886,1.0708792322199254,0.9705793,1.0,0.029420699999999966
3,5,right_heel,21,344.3991,749.5937,343.3851,749.3741,-1.0139999999999532,-0.219600000000014,1.037506703592758,1.0,1.0,0.0
3,5,right_heel,22,345.8906,746.8098,344.59714,746.4667,-1.2934599999999818,-0.3431000000000495,1.3381914592463917,1.0,1.0,0.0
3,5,right_heel,23,345.72562,743.5992,345.51334,743.8055,-0.21227999999996428,0.20630000000005566,0.2960109599322427,1.0,0.98506194,-0.014938059999999975
3,5,right_heel,24,345.27887,741.82556,345.11594,741.9667,-0.16292999999996027,0.1411399999999503,0.21556132422114369,1.0,1.0,0.0
3,5,right_heel,25,344.7419,741.29236,344.31464,741.57117,-0.42725999999998976,0.2788100000000213,0.5101824415834038,0.9926962,1.0,0.007303799999999971
3,5,right_heel,26,344.52637,742.45435,343.3579,742.83984,-1.1684700000000134,0.38549000000000433,1.230416466486057,0.9794118,1.0,0.020588199999999945
3,5,right_heel,27,344.37958,743.91766,343.07693,744.01294,-1.3026499999999714,0.09528000000000247,1.3061298943443282,0.99124485,1.0,0.008755150000000045
3,5,right_heel,28,344.5121,744.3962,342.24582,745.2069,-2.2662799999999947,0.8106999999999971,2.4069190946934573,0.9976775,1.0,0.002322500000000005
3,5,right_heel,29,343.9879,745.64734,342.7691,746.2517,-1.2188000000000443,0.6043600000000424,1.360413337776486,0.99044585,1.0,0.009554150000000039
3,5,right_heel,30,343.20074,746.52313,342.30237,746.78217,-0.8983699999999999,0.25903999999991356,0.9349707901854234,0.98590654,1.0,0.014093460000000002
3,5,right_heel,31,342.4075,746.00653,342.083,746.4841,-0.32450000000000045,0.47757000000001426,0.5773849278427814,0.9780729,1.0,0.021927099999999977
3,5,right_heel,32,341.2363,745.2516,341.04828,745.6366,-0.18802000000005137,0.3849999999999909,0.4284583064896891,0.94732493,0.98736995,0.0400450200000001
3,5,right_heel,33,340.13995,744.4588,339.6066,744.8154,-0.5333499999999844,0.3565999999999576,0.6415806905603949,0.94036126,0.99492115,0.054559890000000055
3,5,right_heel,34,339.4458,743.66815,338.93646,744.33386,-0.5093400000000088,0.66570999999999,0.8382106177447263,0.9394025,0.97682756,0.03742506000000001
3,5,right_heel,35,338.88336,743.0923,338.24048,743.8194,-0.642879999999991,0.7270999999999503,0.9705509282875969,0.9278316,0.9566324,0.02880080000000007
3,5,right_heel,36,338.02206,742.8587,337.51764,743.86804,-0.5044200000000387,1.009339999999952,1.1283646449618767,0.9353356,0.9391516,0.0038159999999999306
3,5,right_heel,37,337.02316,743.27527,336.37683,744.4027,-0.6463300000000345,1.127430000000004,1.299554105760916,0.910059,0.89750516,-0.012553839999999927
3,5,right_heel,38,336.66306,742.8361,336.17523,743.89813,-0.487829999999974,1.0620300000000498,1.1687111832270967,0.92214346,0.92339176,0.00124829999999998
3,5,right_heel,39,337.40717,743.8168,336.4408,744.4435,-0.9663699999999835,0.626700000000028,1.1517915900457005,0.9173157,0.93637437,0.019058670000000055
3,5,right_heel,40,337.83884,744.5884,336.94797,744.98016,-0.8908700000000067,0.39175999999997657,0.9732036038260409,0.8967966,0.922248,0.025451399999999902
3,5,right_heel,41,338.12863,745.5802,337.33792,746.4161,-0.79070999999999,0.8359000000000378,1.1506307461996865,0.9220018,0.944157,0.02215520000000004
3,5,right_heel,42,338.1799,746.44745,337.39883,747.50226,-0.7810699999999997,1.054809999999975,1.3125145641096507,0.92401785,0.95900416,0.034986309999999965
3,5,right_heel,43,338.15732,747.4007,337.21487,748.40283,-0.942450000000008,1.0021299999999655,1.3756731222932088,0.932411,0.974909,0.042498000000000036
3,5,right_heel,44,338.20053,748.313,337.46426,749.0087,-0.7362699999999904,0.695699999999988,1.012961994795446,0.97235817,0.99240965,0.02005148000000001
3,5,right_heel,45,338.45023,749.3702,338.2193,749.69635,-0.23093000000000075,0.32615000000009786,0.39962793621075116,0.9790041,1.0,0.020995899999999956
3,5,right_heel,46,338.9973,750.2046,338.80756,750.7622,-0.18973999999997204,0.5575999999999794,0.588998325634264,0.9847507,1.0,0.015249300000000021
3,5,right_heel,47,339.1812,751.48126,339.61545,751.8162,0.43425000000002,0.3349399999999605,0.5484139550558418,0.99526936,1.0,0.004730640000000008
3,5,right_heel,48,339.24762,752.3914,339.3715,752.32874,0.1238800000000424,-0.0626599999999371,0.1388255379964458,0.9791451,1.0,0.02085490000000001
3,5,right_heel,49,339.68045,753.2156,339.88257,753.42017,0.20211999999997943,0.2045699999999897,0.2875784750289692,1.0,1.0,0.0
3,5,right_heel,50,340.1758,754.11505,340.34177,754.40686,0.16597000000001572,0.29181000000005497,0.3357068914991727,1.0,1.0,0.0
3,5,right_heel,51,340.18185,754.9226,340.33005,755.4131,0.1482000000000312,0.49049999999999727,0.5123997365338965,1.0,1.0,0.0
3,5,right_heel,52,340.17728,755.8669,340.10992,756.59406,-0.06736000000000786,0.7271600000000262,0.7302732606360712,1.0,1.0,0.0
3,5,right_heel,53,340.574,757.0836,340.6446,757.81824,0.0706000000000131,0.7346399999998994,0.7380245860402307,1.0,1.0,0.0
3,5,right_heel,54,340.79416,758.0183,340.60712,758.907,-0.18703999999996768,0.8887000000000853,0.9081693958728952,1.0,1.0,0.0
3,5,right_heel,55,340.8782,758.7025,340.56824,759.58606,-0.3099599999999896,0.8835599999999886,0.9363511495160206,1.0,1.0,0.0
3,5,right_heel,56,341.12216,758.4504,340.2033,758.79266,-0.9188599999999951,0.3422600000000102,0.9805333279394424,1.0,1.0,0.0
3,5,right_heel,57,341.3971,757.55975,340.49405,757.8081,-0.9030500000000075,0.24834999999995944,0.9365772925925512,1.0,1.0,0.0
3,5,right_heel,58,341.1318,756.05115,340.4512,756.3604,-0.6806000000000267,0.30925000000002,0.7475639922441749,1.0,1.0,0.0
3,5,right_heel,59,341.44376,754.62756,340.5018,754.6726,-0.9419599999999946,0.04503999999997177,0.9430361833991245,0.99475837,1.0,0.005241629999999997
3,5,right_ankle,0,336.03348,731.4807,336.78976,732.15204,0.7562800000000038,0.6713400000001002,1.011264967256426,1.0,1.0,0.0
3,5,right_ankle,1,336.44128,732.29,337.21332,732.85913,0.7720400000000041,0.5691300000000865,0.959142699758542,1.0,1.0,0.0
3,5,right_ankle,2,336.90543,733.0403,337.77213,733.634,0.8666999999999803,0.5937000000000126,1.0505468004805787,1.0,1.0,0.0
3,5,right_ankle,3,337.2519,734.1474,337.72,734.48157,0.4681000000000495,0.33417000000008557,0.5751410252278162,1.0,1.0,0.0
3,5,right_ankle,4,337.94235,735.5623,338.45645,735.7764,0.5141000000000417,0.2140999999999167,0.556900008978279,0.96434325,0.98878473,0.024441480000000015
3,5,right_ankle,5,338.47333,736.14825,338.5565,736.0628,0.08317000000005237,-0.08544999999992342,0.11924324467237389,0.9462319,0.9974224,0.05119050000000003
3,5,right_ankle,6,338.615,737.3608,338.59918,737.1433,-0.015820000000019263,-0.2175000000000864,0.2180745799033858,1.0,1.0,0.0
3,5,right_ankle,7,338.635,738.22217,338.7476,737.8848,0.11259999999998627,-0.3373699999999644,0.3556645567103544,1.0,1.0,0.0
3,5,right_ankle,8,338.86,739.3729,339.1215,739.5686,0.2615000000000123,0.195699999999988,0.3266201769640108,1.0,1.0,0.0
3,5,right_ankle,9,338.48712,739.6925,339.0428,739.9098,0.5556799999999953,0.21730000000002292,0.5966569805172858,1.0,1.0,0.0
3,5,right_ankle,10,338.58087,740.6026,338.96985,740.67316,0.38898000000000366,0.0705600000000004,0.3953279069329699,1.0,1.0,0.0
3,5,right_ankle,11,339.30237,741.67444,339.64203,741.8271,0.33965999999998076,0.15265999999996893,0.37238956913423,1.0,1.0,0.0
3,5,right_ankle,12,339.35355,742.4879,339.57318,742.8349,0.2196299999999951,0.34699999999998,0.4106657240384008,1.0,1.0,0.0
3,5,right_ankle,13,339.22772,743.7593,339.2584,744.0913,0.030680000000018026,0.33199999999999363,0.33341455037235085,1.0,1.0,0.0
3,5,right_ankle,14,339.47433,744.8936,339.6826,745.4716,0.20826999999997042,0.5779999999999745,0.6143780537258458,1.0,1.0,0.0
3,5,right_ankle,15,339.92563,745.6095,340.15167,746.07355,0.2260400000000118,0.46404999999992924,0.5161748580664692,1.0,1.0,0.0
3,5,right_ankle,16,340.20657,745.26776,340.22717,745.7487,0.020600000000001728,0.48094000000003234,0.4813809755277323,1.0,1.0,0.0
3,5,right_ankle,17,340.71054,744.8071,340.65414,745.194,-0.05639999999999645,0.3868999999999687,0.39098921980020807,1.0,1.0,0.0
3,5,right_ankle,18,340.50308,743.4202,340.49857,743.8616,-0.004510000000038872,0.4413999999999305,0.4414230398381342,1.0,1.0,0.0
3,5,right_ankle,19,340.90622,742.658,340.82922,742.8316,-0.07699999999999818,0.1735999999999649,0.18991039992582695,1.0,1.0,0.0
3,5,right_ankle,20,341.34573,741.5346,341.20367,741.8257,-0.14206000000001495,0.29110000000002856,0.32391396018081847,1.0,1.0,0.0
3,5,right_ankle,21,342.10568,739.3988,341.945,739.6468,-0.16068000000001348,0.2479999999999336,0.2955030666507057,1.0,1.0,0.0
3,5,right_ankle,22,343.35123,737.525,343.02902,737.4312,-0.3222099999999841,-0.09379999999998745,0.33558564346525227,0.9483353,1.0,0.05166470000000001
3,5,right_ankle,23,342.9713,734.6534,343.03516,735.00714,0.06386000000003378,0.35374000000001615,0.35945804650892954,0.9930621,0.9998206,0.006758500000000001
3,5,right_ankle,24,342.69977,733.37115,342.72968,733.557,0.02990999999997257,0.18585000000007312,0.18824141574060035,1.0,1.0,0.0
3,5,right_ankle,25,342.13605,732.42163,341.68124,732.77356,-0.45481000000000904,0.3519299999999248,0.5750711790726043,1.0,1.0,0.0
3,5,right_ankle,26,341.8087,732.9739,341.45694,733.4508,-0.35176000000001295,0.47690000000000055,0.5925948933293381,1.0,1.0,0.0
3,5,right_ankle,27,341.41968,733.6062,341.18323,733.8723,-0.23645000000004757,0.2661000000000513,0.3559744548419869,1.0,1.0,0.0
3,5,right_ankle,28,341.06567,733.9392,341.02686,734.2505,-0.038810000000012224,0.31129999999996016,0.313709907557884,0.98807997,1.0,0.01192002999999997
3,5,right_ankle,29,339.94104,733.95874,340.33514,734.19666,0.3941000000000372,0.2379199999999173,0.46034849451257026,0.9798397,0.9893002,0.009460499999999983
3,5,right_ankle,30,339.15958,733.1641,339.3355,733.99506,0.17592000000001917,0.8309600000000046,0.8493776356839249,0.9910811,0.97836035,-0.012720750000000058
3,5,right_ankle,31,338.37543,732.53406,338.73,733.25946,0.3545700000000238,0.725400000000036,0.8074187543648396,1.0,1.0,0.0
3,5,right_ankle,32,337.82196,731.4522,338.2544,732.17865,0.4324399999999855,0.7264499999999998,0.8454193965718951,1.0,1.0,0.0
3,5,right_ankle,33,337.12207,729.8393,337.58847,730.49646,0.4663999999999646,0.6571599999999762,0.805846279137613,1.0,1.0,0.0
3,5,right_ankle,34,336.30197,728.56177,336.87747,729.0186,0.5755000000000337,0.4568299999999681,0.7347747266339593,1.0,1.0,0.0
3,5,right_ankle,35,335.3141,728.0216,336.0655,728.515,0.7513999999999896,0.49339999999995143,0.8989135219808057,0.99008125,1.0,0.009918749999999976
3,5,right_ankle,36,334.4596,728.58514,334.73227,728.9358,0.2726700000000051,0.350659999999948,0.444197438646337,1.0,1.0,0.0
3,5,right_ankle,37,333.66406,728.8116,333.66623,729.38983,0.002169999999978245,0.5782299999999623,0.5782340718082568,1.0,1.0,0.0
3,5,right_ankle,38,333.10306,729.0105,333.2637,729.89087,0.16063999999994394,0.8803699999999708,0.8949058869512093,1.0,1.0,0.0
3,5,right_ankle,39,333.98746,730.2366,334.07602,730.67664,0.0885600000000295,0.44004000000006727,0.44886309182206596,1.0,1.0,0.0
3,5,right_ankle,40,334.45474,731.13,334.40805,731.37103,-0.04669000000001233,0.2410300000000234,0.24551052319607897,1.0,1.0,0.0
3,5,right_ankle,41,334.8267,732.007,334.96118,732.33167,0.13447999999999638,0.32467000000008284,0.3514192358139389,1.0,1.0,0.0
3,5,right_ankle,42,334.7902,732.90063,335.28082,733.5806,0.4906199999999785,0.6799700000000257,0.8384910168272609,1.0,1.0,0.0
3,5,right_ankle,43,334.94742,733.6059,335.52817,734.0798,0.5807499999999663,0.4738999999999578,0.7495677237581144,1.0,1.0,0.0
3,5,right_ankle,44,335.2937,734.287,335.68915,734.78015,0.39544999999998254,0.4931500000000142,0.6321215270816207,1.0,1.0,0.0
3,5,right_ankle,45,335.5431,735.3104,336.57596,735.37506,1.0328600000000279,0.06466000000000349,1.034881971627711,0.98043746,0.9882804,0.007842939999999965
3,5,right_ankle,46,336.4723,735.9456,336.5644,736.513,0.09209999999995944,0.5674000000000206,0.5748262085187277,0.96695024,1.0,0.03304976000000004
3,5,right_ankle,47,336.7471,737.6829,336.97116,737.6176,0.22406000000000859,-0.06529999999997926,0.2333816051020327,1.0,1.0,0.0
3,5,right_ankle,48,336.56412,738.6342,336.86966,738.3401,0.3055400000000077,-0.2940999999999576,0.42408666755744606,1.0,1.0,0.0
3,5,right_ankle,49,336.8421,739.39154,337.61996,739.6247,0.7778599999999756,0.23315999999999804,0.8120528093664605,1.0,1.0,0.0
3,5,right_ankle,50,336.96558,740.44244,337.63437,740.74774,0.6687900000000013,0.30529999999998836,0.7351789945992708,1.0,1.0,0.0
3,5,right_ankle,51,337.59665,741.6184,337.9786,741.8441,0.3819499999999607,0.2257000000000744,0.4436510932027595,1.0,1.0,0.0
3,5,right_ankle,52,337.8264,742.5865,338.01462,742.912,0.18822000000000116,0.32550000000003365,0.37600135425291004,1.0,1.0,0.0
3,5,right_ankle,53,337.8821,743.8742,338.14517,744.29034,0.26307000000002745,0.41614000000004125,0.4923193318366127,1.0,1.0,0.0
3,5,right_ankle,54,337.90396,744.9823,338.08054,745.1312,0.1765800000000013,0.148900000000026,0.2309798831067507,1.0,1.0,0.0
3,5,right_ankle,55,337.87018,745.88074,338.25778,746.1892,0.3876000000000204,0.3084600000000819,0.49535980014537545,1.0,1.0,0.0
3,5,right_ankle,56,338.12198,745.98645,338.32748,746.3919,0.20549999999997226,0.40544999999997344,0.454554674929174,1.0,1.0,0.0
3,5,right_ankle,57,338.71698,745.3739,338.74933,745.56354,0.032350000000008095,0.1896399999999403,0.19237944822661768,1.0,1.0,0.0
3,5,right_ankle,58,338.7891,744.0502,339.00394,744.4446,0.21483999999998105,0.39440000000001874,0.4491186765210356,1.0,1.0,0.0
3,5,right_ankle,59,339.16592,743.1544,338.94617,743.0136,-0.2197500000000332,-0.14080000000001291,0.2609879355449562,1.0,1.0,0.0
4,6,right_knee,0,371.44897,696.61523,371.4588,696.987,0.00983000000002221,0.3717699999999695,0.37189993519759823,0.8811109,0.89363503,0.012524129999999967
4,6,right_knee,1,370.29407,697.56024,370.413,697.7569,0.1189300000000344,0.19665999999995165,0.22982493446097002,0.90128285,0.90979564,0.008512790000000048
4,6,right_knee,2,369.19382,697.9548,369.32477,698.165,0.13094999999998436,0.21019999999998618,0.24765286693270905,0.8835573,0.8894923,0.005935000000000024
4,6,right_knee,3,367.29803,697.25555,367.34146,697.6007,0.043430000000000746,0.34514999999998963,0.34787165363103806,0.95324594,0.9508152,-0.002430739999999987
4,6,right_knee,4,365.35446,696.75684,365.48236,696.9034,0.127900000000011,0.14656000000002223,0.19452054801488022,0.9810244,0.9714859,-0.009538500000000005
4,6,right_knee,5,363.3039,696.2036,363.37625,696.6604,0.07235000000002856,0.45679999999993015,0.46249406752945527,0.948627,0.95651644,0.007889440000000025
4,6,right_knee,6,359.28064,695.7471,359.39474,695.9617,0.11410000000000764,0.21459999999990487,0.24304725877894798,0.8824607,0.8723919,-0.010068799999999989
4,6,right_knee,7,356.27875,695.3319,356.63165,695.67535,0.3528999999999769,0.3434499999999616,0.49243914598654454,0.9546763,0.9418551,-0.012821200000000088
4,6,right_knee,8,351.59268,695.2568,352.05695,695.603,0.4642699999999991,0.34619999999995343,0.5791382157136299,0.9554072,0.93462324,-0.020783960000000046
4,6,right_knee,9,347.82202,694.6384,348.1245,695.0125,0.30248000000000275,0.37409999999999854,0.4810872690063629,0.99827194,0.9848254,-0.013446540000000007
4,6,right_knee,10,343.8705,694.06726,344.1842,694.2869,0.313699999999983,0.21963999999991302,0.38294832497342396,0.94230115,0.96124315,0.018942000000000014
4,6,right_knee,11,340.55063,693.25696,340.65936,693.8859,0.10872999999998001,0.6289399999999432,0.6382693291236264,0.96661246,0.9543656,-0.01224685999999997
4,6,right_knee,12,336.73718,692.95825,337.00635,693.41254,0.26916999999997415,0.4542900000000145,0.5280453512720279,0.9353639,0.91666234,-0.018701560000000006
4,6,right_knee,13,332.32114,692.0446,332.58704,692.44,0.2658999999999878,0.3954000000001088,0.4764913115683008,0.9697,0.94367945,-0.02602055000000003
4,6,right_knee,14,328.51913,691.6776,328.84387,691.7209,0.32473999999996295,0.04330000000004475,0.32761403755025487,0.93027353,0.9110873,-0.01918622999999997
4,6,right_knee,15,325.88892,691.07947,326.27267,691.10065,0.38375000000002046,0.021179999999958454,0.3843340407770484,0.9549787,0.91901577,-0.03596292999999995
4,6,right_knee,16,324.13776,690.33185,324.35016,690.4759,0.21240000000000236,0.1440499999999929,0.2566401420277018,0.94197196,0.9196465,-0.02232546000000002
4,6,right_knee,17,322.94186,689.4542,323.0557,689.4923,0.11383999999998196,0.03809999999998581,0.12004647266785813,0.9156182,0.8949554,-0.020662800000000092
4,6,right_knee,18,322.35754,688.1722,322.5725,688.31976,0.21496000000001914,0.14755999999999858,0.26073311105421154,0.9296029,0.92350125,-0.0061016499999999585
4,6,right_knee,19,322.47403,686.7338,322.7122,686.75226,0.23816999999996824,0.018460000000004584,0.23888432451708722,0.9761678,0.9764566,0.00028879999999997796
4,6,right_knee,20,326.06393,685.39984,326.52765,685.2372,0.4637199999999666,-0.16264000000001033,0.49141429364638184,0.9844116,0.9704936,-0.013918000000000097
4,6,right_knee,21,330.5812,684.8405,330.85538,684.8232,0.2741800000000012,-0.017299999999977445,0.27472524893063593,1.0,1.0,0.0
4,6,right_knee,22,330.5819,684.83386,330.85672,684.8222,0.27481999999997697,-0.011660000000006221,0.27506724268801525,1.0,1.0,0.0
4,6,right_knee,23,336.1089,685.36664,336.42706,685.1955,0.31815999999997757,-0.17113999999992302,0.36126816244994436,0.96647775,0.8865119,-0.07996585
4,6,right_knee,24,342.9775,684.12146,343.26376,684.1547,0.2862599999999702,0.03324000000009164,0.28818342284036574,0.9804473,0.9498665,-0.030580800000000075
4,6,right_knee,25,348.18433,683.9476,348.33408,684.164,0.14974999999998317,0.21640000000002146,0.26316159009248336,1.0,1.0,0.0
4,6,right_knee,26,351.49384,684.02924,351.37473,684.1284,-0.11910999999997784,0.09916000000009717,0.15498354009382415,1.0,0.98495567,-0.01504433000000005
4,6,right_knee,27,353.8924,683.441,353.71826,683.65393,-0.1741400000000226,0.2129299999999148,0.27507076271383624,1.0,1.0,0.0
4,6,right_knee,28,355.03174,682.65173,355.2549,682.84863,0.22316000000000713,0.19689999999991414,0.29760711617830876,0.9770967,0.97264415,-0.0044525499999999996
4,6,right_knee,29,355.10754,682.4328,355.16214,682.6573,0.054600000000050386,0.22449999999992087,0.23104417326556836,0.9696886,0.9702568,0.0005682000000000187
4,6,right_knee,30,355.29846,682.7516,355.25937,682.90393,-0.03908999999998741,0.1523299999998926,0.1572655620279478,0.987108,0.97858214,-0.008525859999999996
4,6,right_knee,31,356.2116,683.5169,356.2776,683.8528,0.06600000000003092,0.33590000000003783,0.3423226694217453,1.0,1.0,0.0
4,6,right_knee,32,362.29068,686.30634,362.35468,686.8107,0.06399999999996453,0.5043600000000197,0.5084043760630068,0.9808937,0.9450731,-0.03582059999999998
4,6,right_knee,33,366.5065,688.2069,366.4139,688.3584,-0.09260000000000446,0.1514999999999418,0.17755846924318533,0.90334284,0.891227,-0.012115839999999989
4,6,right_knee,34,366.5058,688.2004,366.41785,688.36334,-0.08795000000003483,0.1629400000000487,0.18516113550100627,0.9025855,0.8909203,-0.011665200000000042
4,6,right_knee,35,370.5554,690.0128,370.5478,690.45825,-0.00760000000002492,0.44545000000005075,0.4455148285972596,0.91089886,0.9060863,-0.004812559999999966
4,6,right_knee,36,374.49228,691.363,374.5929,691.7541,0.10061999999999216,0.3910999999999376,0.4038360984359244,0.895695,0.8773315,-0.018363499999999977
4,6,right_knee,37,376.83524,692.5314,376.5815,692.7086,-0.2537399999999934,0.1772000000000844,0.3094896243818629,0.84957063,0.8340339,-0.015536729999999999
4,6,right_knee,38,379.91342,693.4148,379.87436,693.5262,-0.03905999999994947,0.11140000000000327,0.11804932697816105,0.90614974,0.90668964,0.0005398999999999265
4,6,right_knee,39,382.3279,695.05835,382.61658,695.1949,0.2886799999999994,0.13654999999994288,0.3193462774168255,0.89740187,0.893138,-0.0042638700000000584
4,6,right_knee,40,382.63565,694.86334,382.8616,695.12213,0.22595000000001164,0.2587899999999763,0.3435486378957032,0.8873551,0.8859218,-0.0014332999999999707
4,6,right_knee,41,381.4805,695.0347,381.42874,695.32355,-0.05176000000000158,0.28884999999991123,0.2934508819205505,0.90294087,0.9079853,0.005044429999999989
4,6,right_knee,42,379.10327,694.77295,379.0921,695.30695,-0.011169999999992797,0.5339999999999918,0.53411681203646,0.8885986,0.8799417,-0.008656899999999967
4,6,right_knee,43,376.7796,694.32794,376.76926,694.73474,-0.010340000000041982,0.4067999999999756,0.406931389302891,0.8667174,0.8479076,-0.018809799999999988
4,6,right_knee,44,372.09006,693.8217,371.9945,694.20465,-0.09555999999997766,0.38295000000005075,0.39469281232375464,0.9328929,0.92557967,-0.007313230000000059
4,6,right_knee,45,368.9137,694.39703,368.6387,694.82355,-0.2750000000000341,0.42651999999998225,0.5074882367109641,0.9252669,0.9015992,-0.023667699999999958
4,6,right_knee,46,365.7182,694.03516,365.5716,694.58307,-0.14660000000003492,0.5479100000000017,0.5671833284750285,0.99075735,0.98380727,-0.00695007999999997
4,6,right_knee,47,360.20956,693.99414,360.08774,694.7529,-0.1218200000000138,0.7587599999999384,0.768476967774513,0.9273728,0.92858076,0.001207960000000008
4,6,right_knee,48,359.9778,693.9442,360.1299,694.7327,0.15210000000001855,0.7884999999999991,0.8030359020616725,0.9270493,0.927668,0.0006187000000000831
4,6,right_knee,49,355.51938,693.40405,355.68433,693.68304,0.16494999999997617,0.2789900000000216,0.3241048018774239,0.98548234,0.9777516,-0.007730739999999958
4,6,right_knee,50,351.66736,692.8106,351.697,693.0161,0.029640000000028977,0.2055000000000291,0.20762653876615503,0.96859664,0.9619384,-0.0066582400000000375
4,6,right_knee,51,346.99152,692.4879,347.14905,692.7497,0.15753000000000839,0.2617999999999938,0.3055404079659504,1.0,1.0,0.0
4,6,right_knee,52,342.3258,691.6877,342.98843,691.8871,0.6626299999999787,0.1994000000000824,0.691981847233007,0.95476806,0.9218383,-0.03292976000000003
4,6,right_knee,53,337.78864,691.07574,338.2947,691.49384,0.5060599999999909,0.41809999999998126,0.6564330381691457,0.92856354,0.9173238,-0.011239739999999943
4,6,right_knee,54,333.12286,690.27606,333.46143,690.7252,0.33857000000000426,0.44913999999994303,0.5624556733645343,0.95604134,0.93535185,-0.020689489999999977
4,6,right_knee,55,327.7331,689.41187,328.26123,689.7679,0.5281300000000329,0.3560300000000325,0.6369290838076542,0.9271779,0.889712,-0.03746590000000005
4,6,right_knee,56,327.73428,689.4198,328.25436,689.76685,0.5200800000000072,0.34704999999996744,0.6252414804697342,0.9272984,0.8894371,-0.03786129999999999
4,6,right_knee,57,326.43427,689.1626,327.23358,688.7686,0.7993099999999913,-0.39400000000000546,0.891141108972081,0.9238638,0.8722713,-0.05159250000000004
4,6,right_knee,58,324.9627,687.68,325.61832,687.9501,0.655619999999999,0.2701000000000704,0.7090779889405936,0.96362853,0.9302155,-0.033413030000000066
4,6,right_knee,59,324.50775,686.5908,324.9425,686.7455,0.4347500000000082,0.15470000000004802,0.46145384655458443,0.9932817,0.9718716,-0.0214101000000001
4,6,right_heel,0,353.0498,866.0097,352.78564,865.65735,-0.26416000000000395,-0.3523500000000013,0.4403760076343885,0.98632234,0.9075002,-0.07882213999999998
4,6,right_heel,1,347.49896,865.477,346.14938,863.61523,-1.349580000000003,-1.8617699999999786,2.2994681361784357,0.9946795,0.99520683,0.000527329999999937
4,6,right_heel,2,341.43375,864.3079,340.0947,862.46185,-1.339049999999986,-1.846049999999991,2.2805603489054898,0.9822256,0.96904814,-0.013177460000000085
4,6,right_heel,3,334.96103,863.3645,334.25583,861.9271,-0.7051999999999907,-1.437400000000025,1.6010702045819412,1.0,1.0,0.0
4,6,right_heel,4,329.77182,861.71545,328.28384,861.2637,-1.4879799999999932,-0.45175000000006094,1.5550442253839711,1.0,0.99219435,-0.007805649999999997
4,6,right_heel,5,323.21884,860.8023,322.09647,859.9231,-1.1223699999999894,-0.8791999999999689,1.4257303591142056,1.0,0.9924446,-0.00755539999999999
4,6,right_heel,6,316.35928,859.40106,315.73596,858.9012,-0.6233200000000352,-0.4998600000000124,0.7989917659150539,1.0,1.0,0.0
4,6,right_heel,7,312.03052,858.31964,310.37854,857.7498,-1.6519800000000373,-0.5698399999999992,1.7474997985694083,1.0,0.9308943,-0.06910570000000005
4,6,right_heel,8,305.21408,857.26337,303.92972,856.46484,-1.2843600000000492,-0.7985300000000279,1.512359339079232,0.9758709,0.9487181,-0.027152799999999977
4,6,right_heel,9,299.65665,855.9276,298.65,855.74347,-1.006650000000036,-0.18412999999998192,1.0233513958558254,1.0,0.98891294,-0.011087060000000037
4,6,right_heel,10,293.12698,854.2864,293.00687,854.48267,-0.12011000000001104,0.1962700000000268,0.2301050303665984,0.99308294,0.9341838,-0.05889913999999996
4,6,right_heel,11,287.3975,852.63184,287.2128,853.08716,-0.1846999999999639,0.4553200000000288,0.49135566792295465,0.92844015,0.90144324,-0.02699691000000004
4,6,right_heel,12,282.48145,851.7005,282.28766,852.9493,-0.1937899999999786,1.2487999999999602,1.2637468117071127,0.9927954,0.96637344,-0.026421959999999967
4,6,right_heel,13,275.40356,850.384,275.75925,851.5271,0.3556899999999814,1.143100000000004,1.197160384451472,1.0,0.9762569,-0.023743100000000017
4,6,right_heel,14,269.4915,849.40204,269.5144,850.2743,0.02290000000004966,0.8722599999999829,0.8725605523973523,0.95956564,0.94289476,-0.016670879999999944
4,6,right_heel,15,264.419,847.1127,264.66885,848.21625,0.24985000000003765,1.1035499999999274,1.1314802804290751,0.9960786,0.9435281,-0.052550500000000056
4,6,right_heel,16,259.1415,844.8075,259.42044,845.8335,0.2789399999999773,1.0259999999999536,1.0632419873198633,1.0,0.91680473,-0.08319527000000004
4,6,right_heel,17,253.8874,841.56506,253.79616,842.619,-0.09124000000002752,1.0539400000000114,1.0578819694086998,1.0,1.0,0.0
4,6,right_heel,18,250.6636,837.17255,249.62521,838.78815,-1.0383899999999926,1.6155999999999722,1.9205252281862624,0.99551237,0.907039,-0.08847337
4,6,right_heel,19,245.08981,833.7865,244.97136,834.86255,-0.11844999999999573,1.0760500000000093,1.0825497702184501,0.9970137,0.9596851,-0.037328600000000045
4,6,right_heel,20,236.74489,825.6835,236.9026,825.8577,0.15771000000000868,0.17420000000004165,0.23498528485847203,1.0,0.9939354,-0.0060645999999999756
4,6,right_heel,21,234.77342,820.39215,234.52107,820.821,-0.25234999999997854,0.4288500000000113,0.49758702253977527,0.98281723,0.9133983,-0.06941892999999999
4,6,right_heel,22,234.76843,820.3881,234.52536,820.8093,-0.2430699999999888,0.4211999999999989,0.48630490939326704,0.9835562,0.9137153,-0.06984089999999998
4,6,right_heel,23,234.87532,817.59845,234.74994,817.8471,-0.1253799999999785,0.24864999999999782,0.2784725604076522,0.9594278,0.91961735,-0.03981045000000005
4,6,right_heel,24,236.84778,815.6151,236.2759,815.62054,-0.5718799999999931,0.005440000000021428,0.571905873374275,0.9904678,0.9452201,-0.0452477
4,6,right_heel,25,243.014,816.20654,242.84769,816.02325,-0.16631000000000995,-0.18329000000005635,0.24749593976472417,1.0,0.9314051,-0.06859490000000001
4,6,right_heel,26,250.79514,819.00934,250.52359,818.3675,-0.27154999999999063,-0.641840000000002,0.6969203599407879,0.98299974,0.9021156,-0.08088414
4,6,right_heel,27,259.8448,825.8538,259.71176,825.18365,-0.13303999999999405,-0.6701500000000351,0.6832281201034143,1.0,0.9150254,-0.08497460000000001
4,6,right_heel,28,269.95972,832.27905,269.80206,832.4576,-0.15766000000002123,0.1785499999999729,0.2381948322277312,0.98151565,0.91274464,-0.06877100999999997
4,6,right_heel,29,283.49368,838.8034,282.63907,839.7527,-0.8546099999999797,0.9492999999999938,1.277313094781367,0.9878879,0.9566865,-0.031201400000000046
4,6,right_heel,30,295.91852,845.9478,295.5575,846.91644,-0.36101999999999634,0.9686399999999367,1.0337305693457433,1.0,0.9311976,-0.06880240000000004
4,6,right_heel,31,307.60568,852.0282,307.30243,851.1623,-0.30324999999999136,-0.8659000000000106,0.9174657336925521,1.0,0.9542419,-0.045758100000000024
4,6,right_heel,32,330.5986,857.6939,329.93594,857.233,-0.6626599999999598,-0.46090000000003783,0.8071846663558356,1.0,1.0,0.0
4,6,right_heel,33,338.569,859.8511,338.31998,859.7964,-0.24902000000003,-0.054700000000025284,0.25495695793607537,1.0,1.0,0.0
4,6,right_heel,34,338.5688,859.8585,338.33817,859.79004,-0.2306300000000192,-0.0684600000000728,0.24057632572640814,1.0,1.0,0.0
4,6,right_heel,35,347.2377,861.3415,346.959,862.6457,-0.2787000000000148,1.304200000000037,1.3336458787849588,1.0,0.998159,-0.0018409999999999815
4,6,right_heel,36,353.29364,863.5507,353.34952,864.1694,0.05588000000000193,0.6186999999999898,0.6212183709453445,0.97413206,0.8832367,-0.09089535999999998
4,6,right_heel,37,359.41855,865.16895,358.92267,865.04956,-0.49587999999999965,-0.11938999999995303,0.510049945103407,0.9468458,0.90156573,-0.045280070000000006
4,6,right_heel,38,362.7252,866.1964,362.84674,866.53577,0.12154000000003862,0.3393699999999171,0.36047741746183376,1.0,0.9967628,-0.003237200000000051
4,6,right_heel,39,361.89093,865.80646,362.03592,866.45685,0.14498999999995021,0.6503900000000158,0.6663551997245959,0.98576146,0.98383504,-0.0019264199999999843
4,6,right_heel,40,354.6602,864.93243,354.84918,865.08594,0.18898000000001502,0.15351000000009662,0.24347229924579786,1.0,0.9704724,-0.029527599999999987
4,6,right_heel,41,349.0232,864.02954,348.471,864.23773,-0.5521999999999707,0.20819000000005872,0.5901422846229476,1.0,0.9973349,-0.002665099999999976
4,6,right_heel,42,343.26297,863.09094,342.4276,862.5136,-0.8353700000000117,-0.5773400000000493,1.0154627085718493,0.95877266,0.9033409,-0.05543176000000005
4,6,right_heel,43,336.98767,861.19147,335.90057,860.99347,-1.087099999999964,-0.19799999999997908,1.1049843483054018,1.0,0.98846525,-0.011534750000000038
4,6,right_heel,44,324.8775,858.6647,324.44107,858.33344,-0.436429999999973,-0.33126000000004296,0.5479090549534703,1.0,0.98033553,-0.019664470000000045
4,6,right_heel,45,318.51733,857.3287,317.66714,856.1343,-0.8501899999999978,-1.1943999999999733,1.46608812698962,1.0,0.99005634,-0.00994366000000002
4,6,right_heel,46,313.74725,856.27814,312.40286,855.6177,-1.3443900000000326,-0.6604399999999941,1.4978536195837295,1.0,0.94960487,-0.050395129999999955
4,6,right_heel,47,307.04263,854.48376,306.19376,854.5849,-0.8488699999999767,0.10113999999998668,0.8548740120625715,1.0,0.9451778,-0.05482220000000004
4,6,right_heel,48,307.0474,854.46075,306.1771,854.6055,-0.8702999999999861,0.14475000000004457,0.8822554349506658,1.0,0.94164187,-0.05835813000000001
4,6,right_heel,49,300.87018,853.7967,300.65213,853.8444,-0.21805000000000518,0.04769999999996344,0.22320638991749042,0.9872349,0.9712479,-0.015986999999999973
4,6,right_heel,50,295.3801,852.71625,294.81097,852.55255,-0.5691300000000297,-0.1636999999999489,0.5922049027997126,0.96518844,0.95960087,-0.005587569999999986
4,6,right_heel,51,289.22418,851.288,288.38858,851.05194,-0.8355999999999995,-0.23606000000006588,0.8683039120031824,0.98517954,0.90757257,-0.07760696999999994
4,6,right_heel,52,283.6222,850.519,283.2587,850.46326,-0.36350000000004457,-0.055740000000014334,0.36774882406342785,0.9780008,0.9780676,6.68000000000335e-05
4,6,right_heel,53,277.56168,848.9013,276.67947,848.5726,-0.8822100000000432,-0.3287000000000262,0.941455348967806,0.9814649,0.9528728,-0.02859210000000001
4,6,right_heel,54,270.78958,847.9834,269.81503,847.47614,-0.974550000000022,-0.5072599999999738,1.0986630102538342,0.989959,0.98952645,-0.00043255000000008703
4,6,right_heel,55,260.43665,844.4279,259.95355,843.8573,-0.483099999999979,-0.5706000000000131,0.7476429428544047,1.0,0.9362779,-0.0637221
4,6,right_heel,56,260.44028,844.4218,259.95926,843.8667,-0.4810200000000009,-0.5550999999999249,0.7345176991740345,1.0,0.9357851,-0.06421489999999996
4,6,right_heel,57,255.27815,840.7882,254.48016,839.5455,-0.7979899999999986,-1.2427000000000135,1.4768518307873784,0.9550318,0.91625994,-0.03877185999999999
4,6,right_heel,58,251.43306,836.97266,251.1973,836.98596,-0.23575999999999908,0.013299999999958345,0.23613485045625615,0.992517,0.93912446,-0.05339253999999993
4,6,right_heel,59,246.77684,833.14075,245.32428,832.5608,-1.4525600000000054,-0.5799500000000535,1.5640564427475365,0.9662424,0.9318984,-0.03434399999999993
4,6,right_foot_index,0,436.4643,880.0034,436.6077,879.11505,0.14340000000004238,-0.8883500000000595,0.8998495888203304,0.9567377,0.9837598,0.027022099999999938
4,6,right_foot_index,1,428.79388,882.49426,427.54288,881.8539,-1.2509999999999764,-0.6403600000001006,1.4053689656457018,0.94449097,0.93348056,-0.011010410000000026
4,6,right_foot_index,2,423.05954,882.83136,422.47128,882.1359,-0.588260000000048,-0.6954600000000255,0.9108866225826856,0.884341,0.8981729,0.013831900000000008
4,6,right_foot_index,3,417.91446,881.4354,420.58905,880.89856,2.6745899999999665,-0.5368399999999838,2.727934906426435,0.9920917,0.93240744,-0.059684260000000044
4,6,right_foot_index,4,409.75888,881.0271,415.68634,880.7724,5.927459999999996,-0.25470000000007076,5.932929642394218,0.96773916,0.8548995,-0.11283966000000001
4,6,right_foot_index,5,404.4145,879.8269,412.02365,879.99426,7.60915,0.1673600000000306,7.6109902832745755,0.92709863,0.8360048,-0.09109383000000004
4,6,right_foot_index,6,398.07578,879.9615,402.06808,879.31616,3.9923,-0.6453400000000329,4.044122031492131,0.91744214,0.8562954,-0.06114673999999998
4,6,right_foot_index,7,392.00452,878.80176,394.72287,878.5301,2.7183499999999867,-0.2716599999999971,2.731890531866152,0.95078015,0.949914,-0.00086615000000001
4,6,right_foot_index,8,386.4061,877.984,388.45258,877.8239,2.046480000000031,-0.16010000000005675,2.0527329101468963,0.9948619,0.9533244,-0.041537500000000005
4,6,right_foot_index,9,380.029,876.77234,382.67197,876.6117,2.642969999999991,-0.16063999999994394,2.6478473578550434,1.0,0.9431505,-0.0568495
4,6,right_foot_index,10,374.41913,876.61334,376.32816,876.057,1.9090300000000298,-0.5563399999999774,1.988444049124865,0.9860893,0.9444223,-0.0416669999999999
4,6,right_foot_index,11,368.44193,875.7617,371.8331,875.89703,3.3911699999999882,0.13532999999995354,3.3938692045805046,0.9701393,1.0,0.029860699999999962
4,6,right_foot_index,12,361.64157,874.18414,365.3215,874.04944,3.679930000000013,-0.13469999999995252,3.6823944512911817,0.93814534,0.9015089,-0.0366364400000001
4,6,right_foot_index,13,355.1971,872.73804,359.72864,871.83984,4.531540000000007,-0.8981999999999744,4.619698909193111,0.9172185,0.8757165,-0.04150200000000004
4,6,right_foot_index,14,349.5261,872.3347,351.6882,871.9927,2.1621000000000095,-0.34199999999998454,2.1889815919737723,0.99725527,0.85003215,-0.14722312000000004
4,6,right_foot_index,15,343.09998,871.35065,345.3414,871.04767,2.241420000000005,-0.3029799999999341,2.261804699084336,0.93737864,0.8739374,-0.06344124000000007
4,6,right_foot_index,16,336.71017,870.61414,339.7402,870.80786,3.0300300000000107,0.1937199999999848,3.0362162701790627,0.9321413,0.89765257,-0.03448872999999997
4,6,right_foot_index,17,332.02853,870.0322,333.34808,869.3242,1.3195499999999925,-0.70799999999997,1.4974899674121152,0.9858184,0.9296003,-0.05621809999999994
4,6,right_foot_index,18,325.36423,868.90424,327.48447,868.9873,2.120239999999967,0.08306000000004587,2.1218663061559435,1.0,0.9173394,-0.08266059999999997
4,6,right_foot_index,19,319.21576,868.2577,321.76044,868.4659,2.544680000000028,0.20820000000003347,2.553183021720174,0.97598046,0.97781545,0.0018349899999999808
4,6,right_foot_index,20,308.22256,866.835,310.76413,867.06726,2.5415700000000356,0.23225999999999658,2.55216041276801,1.0,0.9541406,-0.045859399999999995
4,6,right_foot_index,21,303.40723,865.08295,305.54492,865.6723,2.1376899999999637,0.5893499999999676,2.217442661851667,0.9399855,0.9428418,0.002856299999999923
4,6,right_foot_index,22,303.42593,865.10284,305.57843,865.60876,2.152500000000032,0.5059199999999464,2.211156099509956,0.9411245,0.94274473,0.0016202300000000003
4,6,right_foot_index,23,301.85608,862.78595,304.0539,864.11273,2.197819999999979,1.3267800000000989,2.5672471483673265,0.97949344,0.8824859,-0.09700754
4,6,right_foot_index,24,303.7085,862.78534,305.403,863.60144,1.694500000000005,0.8161000000000058,1.8807842672672552,0.96571696,0.88315344,-0.08256352
4,6,right_foot_index,25,308.25082,862.9182,310.10168,863.88904,1.8508600000000115,0.9708400000000665,2.0900270441312885,0.9388973,0.8733263,-0.06557100000000005
4,6,right_foot_index,26,316.52988,865.38696,318.13535,865.51483,1.6054700000000253,0.12786999999991622,1.6105541461869761,0.9773316,0.89218795,-0.08514365000000002
4,6,right_foot_index,27,328.85123,867.47266,330.3281,867.3245,1.4768700000000194,-0.14816000000007534,1.4842831207354208,0.9422295,0.9241094,-0.018120100000000083
4,6,right_foot_index,28,342.52167,869.9657,344.24893,870.39264,1.7272600000000011,0.4269400000000587,1.779242780286056,0.9454233,0.879696,-0.06572729999999993
4,6,right_foot_index,29,357.6879,873.7499,360.67435,873.70593,2.9864499999999907,-0.04397000000005846,2.986773671271385,0.8773454,0.8582998,-0.019045600000000107
4,6,right_foot_index,30,373.82187,875.8318,376.3797,875.4241,2.557830000000024,-0.40770000000009077,2.590118452677444,0.9495972,0.89441186,-0.05518534000000008
4,6,right_foot_index,31,387.85062,876.49194,390.05908,876.4696,2.2084600000000023,-0.022339999999985594,2.208572988877662,0.99746513,0.94066626,-0.05679887000000006
4,6,right_foot_index,32,410.67767,877.12866,413.27594,877.39825,2.5982700000000136,0.2695899999999938,2.6122185515381493,0.99729156,0.9559151,-0.04137645999999995
4,6,right_foot_index,33,419.9248,877.90533,420.93008,877.0305,1.0052799999999706,-0.8748300000000881,1.3326347614031742,0.9635059,0.8997058,-0.06380010000000003
4,6,right_foot_index,34,419.91974,877.94617,420.97958,877.1078,1.0598400000000083,-0.8383700000000545,1.3513419561680562,0.96396285,0.89674217,-0.06722068000000003
4,6,right_foot_index,35,424.6374,878.3574,423.35886,877.1206,-1.2785400000000209,-1.2368000000000166,1.7788588397059768,0.86155564,0.84845394,-0.013101699999999994
4,6,right_foot_index,36,435.7125,878.3021,435.39072,876.6456,-0.32177999999998974,-1.656500000000051,1.6874639606226147,0.99806815,1.0,0.0019318499999999572
4,6,right_foot_index,37,443.60593,878.7508,443.11826,878.2416,-0.48766999999998006,-0.509200000000078,0.7050579188265741,0.90621823,0.8978421,-0.008376130000000037
4,6,right_foot_index,38,446.45657,879.8291,447.62366,878.978,1.1670899999999733,-0.8511000000000877,1.444461933766372,0.86920804,0.8873896,0.01818156000000004
4,6,right_foot_index,39,446.2397,881.2684,447.01352,880.3334,0.7738200000000006,-0.9350000000000591,1.2136813389024779,0.8732584,0.8543265,-0.0189319
4,6,right_foot_index,40,438.98782,881.98737,439.8578,882.29724,0.8699799999999982,0.3098699999999326,0.9235175240892589,0.92467177,0.90805215,-0.016619620000000057
4,6,right_foot_index,41,430.3651,881.99146,429.42157,881.141,-0.9435300000000097,-0.8504599999999982,1.2702484294420582,0.93163055,0.92270607,-0.008924479999999901
4,6,right_foot_index,42,423.72464,882.05585,423.2324,881.57477,-0.492240000000038,-0.48108000000001994,0.6882864113144008,0.8739105,0.86138445,-0.012526050000000066
4,6,right_foot_index,43,419.4952,881.2457,421.11514,880.5248,1.6199399999999855,-0.7209000000000287,1.7731053024566799,0.983773,0.9166319,-0.06714109999999995
4,6,right_foot_index,44,406.0167,879.41187,410.6476,879.0146,4.630899999999997,-0.39727000000004864,4.647909020505889,0.91787654,0.891575,-0.026301539999999957
4,6,right_foot_index,45,399.2646,878.3567,402.5509,878.08795,3.2863000000000397,-0.2687500000000682,3.297270727814187,0.9517142,0.93252474,-0.01918945999999999
4,6,right_foot_index,46,393.8812,877.9184,396.83136,877.82996,2.9501600000000394,-0.08843999999999141,2.951485331015594,0.9836491,0.9525003,-0.031148800000000088
4,6,right_foot_index,47,387.6517,877.50055,390.69348,877.0438,3.041780000000017,-0.4567499999999427,3.0758813583914533,1.0,0.9415378,-0.05846220000000002
4,6,right_foot_index,48,387.81992,877.5098,390.7526,876.97046,2.932679999999948,-0.5393400000000383,2.9818617704380155,1.0,0.93742496,-0.06257504000000003
4,6,right_foot_index,49,381.3364,876.11774,384.20728,876.007,2.8708799999999997,-0.110740000000078,2.8730150229332274,1.0,0.9192138,-0.08078620000000003
4,6,right_foot_index,50,375.76953,875.63257,378.10135,875.5543,2.33182000000005,-0.07826999999997497,2.3331332377942395,0.95185494,0.94804126,-0.0038136800000000415
4,6,right_foot_index,51,369.83636,874.64453,372.909,874.4155,3.0726399999999785,-0.22903000000007978,3.081163953849244,1.0,0.98187006,-0.01812994000000001
4,6,right_foot_index,52,363.51117,872.84985,367.28418,872.29816,3.7730099999999993,-0.5516899999998941,3.813130776173285,0.9829825,0.8533581,-0.12962439999999997
4,6,right_foot_index,53,357.62256,871.1648,359.85446,869.9188,2.231899999999996,-1.245999999999981,2.556148197972867,0.9349917,0.87038445,-0.06460725
4,6,right_foot_index,54,349.96466,871.6825,353.14154,870.93585,3.1768800000000397,-0.7466500000000451,3.263441857441361,0.9469119,0.88667697,-0.06023493000000002
4,6,right_foot_index,55,338.44382,869.6288,342.00528,868.82764,3.561460000000011,-0.8011599999999817,3.650459515896601,0.99287444,1.0,0.007125559999999975
4,6,right_foot_index,56,338.40982,869.63007,342.05432,868.8253,3.6444999999999936,-0.8047700000000759,3.732296210498314,0.9921449,1.0,0.007855100000000004
4,6,right_foot_index,57,333.01572,868.7042,336.34753,868.0524,3.3318100000000186,-0.6517999999999802,3.394967027247849,1.0,0.9369088,-0.06309120000000001
4,6,right_foot_index,58,326.55167,868.13403,328.47543,867.79675,1.9237600000000157,-0.33728000000007796,1.953102745889246,1.0,0.9360183,-0.06398170000000003
4,6,right_foot_index,59,321.17633,867.3957,325.05453,866.95197,3.8781999999999925,-0.44373000000007323,3.9035024725110663,1.0,1.0,0.0
4,6,right_ankle,0,376.49326,855.3176,375.215,853.40515,-1.2782600000000457,-1.9124499999999216,2.300307290363576,0.91352063,0.7921611,-0.12135953
4,6,right_ankle,1,371.0306,855.2432,366.9047,852.7059,-4.1259000000000015,-2.5372999999999593,4.84364966734794,0.94224876,0.8891349,-0.05311386000000007
4,6,right_ankle,2,364.60168,855.01263,360.68988,853.3203,-3.911799999999971,-1.69232999999997,4.2621778551463185,0.97912365,0.8426921,-0.13643154999999996
4,6,right_ankle,3,358.46622,853.4139,353.56766,850.7015,-4.898560000000032,-2.7124000000000024,5.599375307442815,0.93661493,0.83249134,-0.10412358999999993
4,6,right_ankle,4,352.5425,852.43744,350.08426,850.0076,-2.458240000000046,-2.429840000000013,3.4564528527379466,0.96639824,0.9204683,-0.04592993999999995
4,6,right_ankle,5,346.67944,851.54333,343.04343,848.5625,-3.636009999999999,-2.980829999999969,4.701692908836115,0.9619376,0.7928961,-0.16904149999999996
4,6,right_ankle,6,340.2502,850.3502,337.27847,847.8164,-2.9717299999999796,-2.5337999999999283,3.9052940520400656,0.98800987,0.8931841,-0.09482576999999992
4,6,right_ankle,7,333.7646,848.96277,334.24762,847.4825,0.48302000000001044,-1.4802700000000186,1.5570830399500424,0.95103866,0.8161163,-0.13492236000000002
4,6,right_ankle,8,327.97122,847.3177,325.13156,846.0107,-2.8396600000000376,-1.3069999999999027,3.126006704343412,0.85830873,0.8342988,-0.024009929999999957
4,6,right_ankle,9,321.76773,846.48376,319.97958,845.78784,-1.7881499999999733,-0.695920000000001,1.9187978186614414,0.96009797,0.7602111,-0.19988686999999994
4,6,right_ankle,10,316.36737,844.2936,316.66428,841.2691,0.2969100000000253,-3.024499999999989,3.0390386305705213,0.97669643,0.86341494,-0.11328148999999998
4,6,right_ankle,11,310.08322,841.93274,310.53903,839.1398,0.45581000000004224,-2.7929399999999305,2.8298898564607864,0.9721311,0.9229612,-0.04916989999999999
4,6,right_ankle,12,302.772,841.6479,301.1098,839.1135,-1.6621999999999844,-2.534400000000005,3.0308566775748362,0.9647407,0.9834252,0.018684499999999993
4,6,right_ankle,13,297.11798,839.9673,295.66116,837.76245,-1.4568199999999933,-2.2048500000000786,2.6426668414501906,0.90866345,0.9585363,0.04987284999999997
4,6,right_ankle,14,292.1908,838.7693,290.92453,837.0941,-1.26627000000002,-1.675200000000018,2.0999368449789415,0.9636809,0.9764125,0.012731600000000065
4,6,right_ankle,15,285.25275,837.0989,284.33234,835.35486,-0.920410000000004,-1.7440399999999272,1.9720116859947239,1.0,0.9988272,-0.0011727999999999739
4,6,right_ankle,16,281.94733,835.4351,280.00186,833.18176,-1.9454700000000003,-2.25333999999998,2.9769774397028796,0.9619277,0.90445054,-0.05747716000000003
4,6,right_ankle,17,276.4229,833.04333,275.08096,831.5712,-1.3419400000000223,-1.4721299999999928,1.9919763303061706,0.9857658,0.95253617,-0.03322963000000001
4,6,right_ankle,18,272.22592,829.89166,271.6638,828.54736,-0.5621199999999931,-1.3442999999999756,1.457093471401175,0.9664426,0.94324046,-0.023202140000000093
4,6,right_ankle,19,267.9862,827.8293,267.169,825.98224,-0.8172000000000139,-1.8470599999999422,2.0197639672991023,1.0,0.93561184,-0.06438816000000003
4,6,right_ankle,20,261.71072,821.9826,260.3384,819.3863,-1.372320000000002,-2.596300000000042,2.9366708825471446,0.9655209,1.0,0.034479099999999985
4,6,right_ankle,21,259.66055,818.623,257.45044,815.4403,-2.210109999999986,-3.182700000000068,3.8748116731139812,0.9862562,0.9135386,-0.07271760000000005
4,6,right_ankle,22,259.67096,818.61676,257.41428,815.4776,-2.2566799999999603,-3.139159999999947,3.866125984496559,0.9862175,0.9120085,-0.07420899999999997
4,6,right_ankle,23,260.08884,816.10864,257.86444,813.6183,-2.224400000000003,-2.49034000000006,3.339123938340761,0.9398456,0.92889196,-0.010953639999999987
4,6,right_ankle,24,262.70468,814.8944,262.23245,813.10443,-0.4722300000000246,-1.7899700000000394,1.8512141350476352,0.9393128,0.92222214,-0.017090659999999924
4,6,right_ankle,25,267.77332,815.22894,265.46698,813.1992,-2.3063400000000343,-2.029739999999947,3.0723034783692746,0.9503335,0.88309866,-0.06723484000000002
4,6,right_ankle,26,275.2293,817.2776,273.23145,815.07916,-1.997850000000028,-2.198440000000005,2.9706132457962506,0.96334225,0.9015824,-0.06175984999999995
4,6,right_ankle,27,284.6985,821.57007,283.19858,819.436,-1.4999200000000315,-2.1340699999999515,2.608450645747373,0.96621925,0.937368,-0.028851249999999995
4,6,right_ankle,28,294.90134,826.601,292.68155,824.3062,-2.219789999999989,-2.2948000000000093,3.1927378038448433,0.95507354,0.8931691,-0.06190443999999995
4,6,right_ankle,29,306.8645,832.5657,305.2844,830.2819,-1.5801000000000158,-2.283800000000042,2.7771313346689674,0.98693514,0.8982516,-0.08868354
4,6,right_ankle,30,318.9085,837.76587,317.9198,835.23096,-0.9886999999999944,-2.534909999999968,2.7208999243081005,0.9644538,0.92037827,-0.044075529999999974
4,6,right_ankle,31,331.63315,842.93134,331.53293,841.0052,-0.10021999999997888,-1.9261400000000322,1.9287455373895541,0.92423475,0.7727872,-0.15144755
4,6,right_ankle,32,350.30487,846.7059,347.89642,845.992,-2.408450000000016,-0.7139000000000806,2.5120279880009684,0.93567824,0.89384615,-0.04183208999999999
4,6,right_ankle,33,360.75027,848.3951,360.0635,847.4511,-0.6867700000000241,-0.94399999999996,1.167385554519139,0.9277776,0.824611,-0.1031666
4,6,right_ankle,34,360.67587,848.36816,360.2653,847.4572,-0.41056999999995014,-0.9109600000000455,0.999207609308517,0.9254578,0.8184257,-0.10703209999999996
4,6,right_ankle,35,369.385,850.1291,368.5564,847.162,-0.8285999999999945,-2.9670999999999594,3.0806266196992698,0.9513746,0.788958,-0.1624165999999999
4,6,right_ankle,36,375.29858,851.953,375.3825,849.0028,0.08391999999997779,-2.9501999999999953,2.95139333305474,0.9028568,0.6527448,-0.250112
4,6,right_ankle,37,380.4968,854.4299,377.7635,851.7607,-2.7332999999999856,-2.6691999999999325,3.8204132669123063,1.0,0.8050435,-0.19495649999999998
4,6,right_ankle,38,384.9589,855.03644,383.5558,852.3968,-1.4031000000000518,-2.6396399999999858,2.9893793569234517,0.9395412,0.8734046,-0.06613659999999999
4,6,right_ankle,39,385.0545,855.34326,383.2264,853.2949,-1.8281000000000063,-2.0483600000000024,2.745492360142354,0.93619895,0.80146194,-0.13473700999999993
4,6,right_ankle,40,379.1331,855.2881,375.5695,853.1707,-3.563600000000008,-2.117399999999975,4.145193327216471,0.95179194,0.770882,-0.18090994000000005
4,6,right_ankle,41,373.28705,854.72723,372.1078,852.68744,-1.1792500000000246,-2.0397899999999254,2.356135354049031,0.9430739,0.8355156,-0.1075583
4,6,right_ankle,42,366.02127,853.5134,364.59482,851.5602,-1.4264499999999884,-1.953200000000038,2.418625610238202,1.0,0.8117635,-0.18823650000000003
4,6,right_ankle,43,361.06628,852.1336,357.78458,850.03125,-3.2817000000000007,-2.1023500000000013,3.8973619811995923,0.9479396,0.81225926,-0.13568033999999995
4,6,right_ankle,44,348.6974,849.81104,346.9409,847.6857,-1.7565000000000168,-2.125340000000051,2.7572381771621175,0.9594001,0.82799786,-0.13140224
4,6,right_ankle,45,343.26242,848.72815,342.51837,847.63135,-0.7440500000000156,-1.0968000000000302,1.3253605707504994,0.9242056,0.8453238,-0.0788818
4,6,right_ankle,46,337.122,847.9846,336.0085,847.2716,-1.1134999999999877,-0.7129999999999654,1.3222145249542236,0.9445034,0.8088741,-0.13562929999999995
4,6,right_ankle,47,330.5817,846.2598,328.4944,844.2432,-2.0873000000000275,-2.0166000000000395,2.9023261102088913,0.94167334,0.8132933,-0.12838004000000003
4,6,right_ankle,48,330.57755,846.07104,329.253,844.1306,-1.324549999999988,-1.9404400000000805,2.3494127130200604,0.9491129,0.7905278,-0.15858510000000003
4,6,right_ankle,49,324.22305,845.64557,322.5091,842.7953,-1.7139500000000112,-2.850270000000023,3.3259079475235285,0.9722044,0.75508255,-0.21712184999999995
4,6,right_ankle,50,317.52725,842.46454,316.91818,839.8543,-0.6090699999999742,-2.61024000000009,2.680358021328576,0.95640683,0.8982541,-0.058152729999999986
4,6,right_ankle,51,312.363,840.48126,311.92618,838.2803,-0.43682000000001153,-2.200960000000009,2.2438887303072876,0.8857952,0.93077916,0.044983960000000045
4,6,right_ankle,52,305.13544,840.8203,303.54504,838.7532,-1.590400000000045,-2.067099999999982,2.6081170545050445,0.9857486,0.90421087,-0.08153772999999997
4,6,right_ankle,53,299.71494,838.89435,297.50677,836.7562,-2.2081699999999955,-2.138149999999996,3.0737111398763486,0.95784545,0.9754651,0.017619649999999987
4,6,right_ankle,54,293.68472,837.78595,291.67627,835.7277,-2.008450000000039,-2.05824999999993,2.875806750287625,0.9571173,0.9805792,0.023461900000000036
4,6,right_ankle,55,283.093,834.2369,281.55835,832.1637,-1.5346499999999992,-2.0732000000000426,2.5794008727803774,0.9820618,0.8907426,-0.09131919999999993
4,6,right_ankle,56,283.10355,834.2187,281.6928,832.1805,-1.4107500000000073,-2.0381999999999607,2.478805115877378,0.98154956,0.8927186,-0.08883096000000001
4,6,right_ankle,57,278.0397,832.2703,277.69003,830.6751,-0.34967000000000326,-1.595199999999977,1.6330744468333123,0.9453981,0.9637485,0.01835039999999999
4,6,right_ankle,58,273.27942,829.8214,272.3522,827.9508,-0.9272200000000339,-1.8706000000000813,2.087793401752282,0.9991537,0.96310735,-0.036046350000000005
4,6,right_ankle,59,268.88953,827.67224,268.90475,824.9326,0.015219999999999345,-2.7396400000000085,2.739682276834313,1.0,0.92422634,-0.07577365999999996
